annex,country,regulated area,regulated gear,specon,vessel length,year,measure calculation
BOB,FRA,8B-BOB,TRAMMEL,SBCIIIART5,U10M,2015,6
BOB,FRA,8B-BOB,TRAMMEL,SBCIIIART5,O15M,2015,26
BOB,FRA,8B-BOB,TRAMMEL,SBCIIIART5,O10T15M,2015,39
BOB,FRA,8B-BOB,TRAMMEL,NONE,U10M,2015,16
BOB,FRA,8B-BOB,TRAMMEL,NONE,O15M,2015,2
BOB,ESP,8B-BOB,TRAMMEL,NONE,O15M,2015,1
BOB,FRA,8B-BOB,TRAMMEL,NONE,O10T15M,2015,6
BOB,ESP,8B-BOB,TRAMMEL,NONE,O10T15M,2015,1
BOB,ESP,8B-BOB,TRAMMEL,NONE,NONE,2015,1
BOB,FRA,8B-BOB,POTS,SBCIIIART5,O15M,2015,1
BOB,FRA,8B-BOB,POTS,SBCIIIART5,O10T15M,2015,10
BOB,FRA,8B-BOB,POTS,NONE,U10M,2015,14
BOB,FRA,8B-BOB,POTS,NONE,O10T15M,2015,2
BOB,ESP,8B-BOB,POTS,NONE,O10T15M,2015,1
BOB,FRA,8B-BOB,PEL_TRAWL,SBCIIIART5,O15M,2015,4
BOB,FRA,8B-BOB,PEL_TRAWL,SBCIIIART5,O10T15M,2015,4
BOB,NLD,8B-BOB,PEL_TRAWL,NONE,O15M,2015,2
BOB,FRA,8B-BOB,PEL_TRAWL,NONE,O15M,2015,22
BOB,ENG,8B-BOB,PEL_TRAWL,NONE,O15M,2015,2
BOB,DEU,8B-BOB,PEL_TRAWL,NONE,O15M,2015,2
BOB,FRA,8B-BOB,PEL_TRAWL,NONE,O10T15M,2015,1
BOB,FRA,8B-BOB,PEL_SEINE,SBCIIIART5,O15M,2015,1
BOB,FRA,8B-BOB,PEL_SEINE,SBCIIIART5,O10T15M,2015,1
BOB,FRA,8B-BOB,PEL_SEINE,NONE,O15M,2015,3
BOB,ESP,8B-BOB,PEL_SEINE,NONE,O15M,2015,119
BOB,FRA,8B-BOB,PEL_SEINE,NONE,O10T15M,2015,2
BOB,FRA,8B-BOB,OTTER,SBCIIIART5,O15M,2015,27
BOB,BEL,8B-BOB,OTTER,SBCIIIART5,O15M,2015,1
BOB,FRA,8B-BOB,OTTER,SBCIIIART5,O10T15M,2015,24
BOB,FRA,8B-BOB,OTTER,NONE,U10M,2015,1
BOB,PRT,8B-BOB,OTTER,NONE,O15M,2015,2
BOB,FRA,8B-BOB,OTTER,NONE,O15M,2015,8
BOB,ESP,8B-BOB,OTTER,NONE,O15M,2015,11
BOB,FRA,8B-BOB,OTTER,NONE,O10T15M,2015,22
BOB,FRA,8B-BOB,LONGLINE,SBCIIIART5,U10M,2015,4
BOB,FRA,8B-BOB,LONGLINE,SBCIIIART5,O15M,2015,2
BOB,FRA,8B-BOB,LONGLINE,SBCIIIART5,O10T15M,2015,15
BOB,FRA,8B-BOB,LONGLINE,NONE,U10M,2015,35
BOB,FRA,8B-BOB,LONGLINE,NONE,O15M,2015,5
BOB,ESP,8B-BOB,LONGLINE,NONE,O15M,2015,11
BOB,FRA,8B-BOB,LONGLINE,NONE,O10T15M,2015,16
BOB,ESP,8B-BOB,LONGLINE,NONE,O10T15M,2015,7
BOB,ESP,8B-BOB,LONGLINE,NONE,NONE,2015,1
BOB,FRA,8B-BOB,GILL,SBCIIIART5,U10M,2015,3
BOB,FRA,8B-BOB,GILL,SBCIIIART5,O15M,2015,11
BOB,FRA,8B-BOB,GILL,SBCIIIART5,O10T15M,2015,19
BOB,FRA,8B-BOB,GILL,NONE,U10M,2015,16
BOB,SCO,8B-BOB,GILL,NONE,O15M,2015,1
BOB,FRA,8B-BOB,GILL,NONE,O15M,2015,15
BOB,ESP,8B-BOB,GILL,NONE,O15M,2015,9
BOB,ENG,8B-BOB,GILL,NONE,O15M,2015,1
BOB,FRA,8B-BOB,GILL,NONE,O10T15M,2015,3
BOB,ESP,8B-BOB,GILL,NONE,O10T15M,2015,2
BOB,ESP,8B-BOB,GILL,NONE,NONE,2015,1
BOB,FRA,8B-BOB,DREDGE,SBCIIIART5,O10T15M,2015,1
BOB,FRA,8B-BOB,DREDGE,NONE,U10M,2015,2
BOB,FRA,8B-BOB,DREDGE,NONE,O10T15M,2015,9
BOB,FRA,8B-BOB,DEM_SEINE,SBCIIIART5,O15M,2015,8
BOB,FRA,8B-BOB,DEM_SEINE,NONE,O15M,2015,1
BOB,BEL,8B-BOB,BEAM,SBCIIIART5,O15M,2015,9
BOB,FRA,8B-BOB,BEAM,SBCIIIART5,O10T15M,2015,1
BOB,FRA,8A-BOB,TRAMMEL,SBCIIIART5,U10M,2015,5
BOB,FRA,8A-BOB,TRAMMEL,SBCIIIART5,O15M,2015,27
BOB,FRA,8A-BOB,TRAMMEL,SBCIIIART5,O10T15M,2015,44
BOB,FRA,8A-BOB,TRAMMEL,NONE,U10M,2015,54
BOB,FRA,8A-BOB,TRAMMEL,NONE,O15M,2015,1
BOB,ENG,8A-BOB,TRAMMEL,NONE,O15M,2015,1
BOB,FRA,8A-BOB,TRAMMEL,NONE,O10T15M,2015,9
BOB,FRA,8A-BOB,POTS,SBCIIIART5,U10M,2015,3
BOB,FRA,8A-BOB,POTS,SBCIIIART5,O15M,2015,1
BOB,FRA,8A-BOB,POTS,SBCIIIART5,O10T15M,2015,10
BOB,FRA,8A-BOB,POTS,NONE,U10M,2015,113
BOB,FRA,8A-BOB,POTS,NONE,O15M,2015,7
BOB,DEU,8A-BOB,POTS,NONE,O15M,2015,1
BOB,FRA,8A-BOB,POTS,NONE,O10T15M,2015,15
BOB,FRA,8A-BOB,PEL_TRAWL,SBCIIIART5,O15M,2015,6
BOB,FRA,8A-BOB,PEL_TRAWL,SBCIIIART5,O10T15M,2015,9
BOB,FRA,8A-BOB,PEL_TRAWL,NONE,U10M,2015,1
BOB,NLD,8A-BOB,PEL_TRAWL,NONE,O15M,2015,3
BOB,IRL,8A-BOB,PEL_TRAWL,NONE,O15M,2015,3
BOB,FRA,8A-BOB,PEL_TRAWL,NONE,O15M,2015,27
BOB,ENG,8A-BOB,PEL_TRAWL,NONE,O15M,2015,2
BOB,DEU,8A-BOB,PEL_TRAWL,NONE,O15M,2015,3
BOB,FRA,8A-BOB,PEL_TRAWL,NONE,O10T15M,2015,3
BOB,FRA,8A-BOB,PEL_SEINE,SBCIIIART5,O15M,2015,1
BOB,FRA,8A-BOB,PEL_SEINE,NONE,O15M,2015,20
BOB,ESP,8A-BOB,PEL_SEINE,NONE,O15M,2015,6
BOB,FRA,8A-BOB,PEL_SEINE,NONE,O10T15M,2015,6
BOB,FRA,8A-BOB,OTTER,SBCIIIART5,U10M,2015,4
BOB,FRA,8A-BOB,OTTER,SBCIIIART5,O15M,2015,24
BOB,BEL,8A-BOB,OTTER,SBCIIIART5,O15M,2015,1
BOB,FRA,8A-BOB,OTTER,SBCIIIART5,O10T15M,2015,37
BOB,FRA,8A-BOB,OTTER,NONE,U10M,2015,22
BOB,SCO,8A-BOB,OTTER,NONE,O15M,2015,1
BOB,FRA,8A-BOB,OTTER,NONE,O15M,2015,36
BOB,ESP,8A-BOB,OTTER,NONE,O15M,2015,10
BOB,FRA,8A-BOB,OTTER,NONE,O10T15M,2015,38
BOB,FRA,8A-BOB,LONGLINE,SBCIIIART5,U10M,2015,8
BOB,FRA,8A-BOB,LONGLINE,SBCIIIART5,O15M,2015,2
BOB,FRA,8A-BOB,LONGLINE,SBCIIIART5,O10T15M,2015,10
BOB,FRA,8A-BOB,LONGLINE,NONE,U10M,2015,132
BOB,FRA,8A-BOB,LONGLINE,NONE,O15M,2015,8
BOB,ESP,8A-BOB,LONGLINE,NONE,O15M,2015,22
BOB,FRA,8A-BOB,LONGLINE,NONE,O10T15M,2015,27
BOB,FRA,8A-BOB,GILL,SBCIIIART5,U10M,2015,1
BOB,FRA,8A-BOB,GILL,SBCIIIART5,O15M,2015,11
BOB,FRA,8A-BOB,GILL,SBCIIIART5,O10T15M,2015,21
BOB,FRA,8A-BOB,GILL,NONE,U10M,2015,44
BOB,SCO,8A-BOB,GILL,NONE,O15M,2015,1
BOB,FRA,8A-BOB,GILL,NONE,O15M,2015,19
BOB,ESP,8A-BOB,GILL,NONE,O15M,2015,6
BOB,ENG,8A-BOB,GILL,NONE,O15M,2015,1
BOB,FRA,8A-BOB,GILL,NONE,O10T15M,2015,10
BOB,FRA,8A-BOB,DREDGE,SBCIIIART5,U10M,2015,2
BOB,FRA,8A-BOB,DREDGE,SBCIIIART5,O10T15M,2015,15
BOB,FRA,8A-BOB,DREDGE,NONE,U10M,2015,25
BOB,FRA,8A-BOB,DREDGE,NONE,O10T15M,2015,49
BOB,FRA,8A-BOB,DEM_SEINE,SBCIIIART5,O15M,2015,8
BOB,FRA,8A-BOB,DEM_SEINE,NONE,O15M,2015,3
BOB,BEL,8A-BOB,BEAM,SBCIIIART5,O15M,2015,11
BOB,FRA,8B-BOB,TRAMMEL,SBCIIIART5,U10M,2014,7
BOB,FRA,8B-BOB,TRAMMEL,SBCIIIART5,O15M,2014,34
BOB,FRA,8B-BOB,TRAMMEL,SBCIIIART5,O10T15M,2014,43
BOB,FRA,8B-BOB,TRAMMEL,NONE,U10M,2014,23
BOB,FRA,8B-BOB,TRAMMEL,NONE,O15M,2014,3
BOB,ESP,8B-BOB,TRAMMEL,NONE,O15M,2014,1
BOB,FRA,8B-BOB,TRAMMEL,NONE,O10T15M,2014,6
BOB,ESP,8B-BOB,TRAMMEL,NONE,O10T15M,2014,2
BOB,FRA,8B-BOB,POTS,SBCIIIART5,U10M,2014,1
BOB,FRA,8B-BOB,POTS,SBCIIIART5,O15M,2014,2
BOB,FRA,8B-BOB,POTS,SBCIIIART5,O10T15M,2014,8
BOB,FRA,8B-BOB,POTS,NONE,U10M,2014,38
BOB,ENG,8B-BOB,POTS,NONE,U10M,2014,1
BOB,ESP,8B-BOB,POTS,NONE,O15M,2014,1
BOB,FRA,8B-BOB,POTS,NONE,O10T15M,2014,7
BOB,ESP,8B-BOB,POTS,NONE,O10T15M,2014,1
BOB,FRA,8B-BOB,PEL_TRAWL,SBCIIIART5,O15M,2014,9
BOB,FRA,8B-BOB,PEL_TRAWL,SBCIIIART5,O10T15M,2014,6
BOB,FRA,8B-BOB,PEL_TRAWL,NONE,U10M,2014,1
BOB,FRA,8B-BOB,PEL_TRAWL,NONE,O15M,2014,27
BOB,ENG,8B-BOB,PEL_TRAWL,NONE,O15M,2014,1
BOB,DEU,8B-BOB,PEL_TRAWL,NONE,O15M,2014,1
BOB,FRA,8B-BOB,PEL_TRAWL,NONE,O10T15M,2014,1
BOB,FRA,8B-BOB,PEL_SEINE,SBCIIIART5,U10M,2014,1
BOB,FRA,8B-BOB,PEL_SEINE,NONE,O15M,2014,2
BOB,ESP,8B-BOB,PEL_SEINE,NONE,O15M,2014,83
BOB,FRA,8B-BOB,PEL_SEINE,NONE,O10T15M,2014,2
BOB,ESP,8B-BOB,PEL_SEINE,NONE,O10T15M,2014,1
BOB,FRA,8B-BOB,OTTER,SBCIIIART5,O15M,2014,27
BOB,FRA,8B-BOB,OTTER,SBCIIIART5,O10T15M,2014,33
BOB,FRA,8B-BOB,OTTER,NONE,U10M,2014,3
BOB,SCO,8B-BOB,OTTER,NONE,O15M,2014,1
BOB,PRT,8B-BOB,OTTER,NONE,O15M,2014,1
BOB,FRA,8B-BOB,OTTER,NONE,O15M,2014,11
BOB,ESP,8B-BOB,OTTER,NONE,O15M,2014,14
BOB,ENG,8B-BOB,OTTER,NONE,O15M,2014,1
BOB,FRA,8B-BOB,OTTER,NONE,O10T15M,2014,22
BOB,FRA,8B-BOB,NONE,SBCIIIART5,U10M,2014,1
BOB,FRA,8B-BOB,NONE,SBCIIIART5,O10T15M,2014,6
BOB,FRA,8B-BOB,NONE,NONE,U10M,2014,94
BOB,FRA,8B-BOB,NONE,NONE,O10T15M,2014,26
BOB,FRA,8B-BOB,LONGLINE,SBCIIIART5,U10M,2014,2
BOB,FRA,8B-BOB,LONGLINE,SBCIIIART5,O15M,2014,4
BOB,FRA,8B-BOB,LONGLINE,SBCIIIART5,O10T15M,2014,13
BOB,FRA,8B-BOB,LONGLINE,NONE,U10M,2014,42
BOB,FRA,8B-BOB,LONGLINE,NONE,O15M,2014,5
BOB,ESP,8B-BOB,LONGLINE,NONE,O15M,2014,43
BOB,FRA,8B-BOB,LONGLINE,NONE,O10T15M,2014,19
BOB,ESP,8B-BOB,LONGLINE,NONE,O10T15M,2014,6
BOB,FRA,8B-BOB,GILL,SBCIIIART5,U10M,2014,4
BOB,FRA,8B-BOB,GILL,SBCIIIART5,O15M,2014,12
BOB,FRA,8B-BOB,GILL,SBCIIIART5,O10T15M,2014,20
BOB,FRA,8B-BOB,GILL,NONE,U10M,2014,28
BOB,SCO,8B-BOB,GILL,NONE,O15M,2014,1
BOB,FRA,8B-BOB,GILL,NONE,O15M,2014,18
BOB,ESP,8B-BOB,GILL,NONE,O15M,2014,9
BOB,FRA,8B-BOB,GILL,NONE,O10T15M,2014,4
BOB,ESP,8B-BOB,GILL,NONE,O10T15M,2014,2
BOB,FRA,8B-BOB,DREDGE,SBCIIIART5,O10T15M,2014,1
BOB,FRA,8B-BOB,DREDGE,NONE,U10M,2014,3
BOB,ESP,8B-BOB,DREDGE,NONE,O15M,2014,1
BOB,FRA,8B-BOB,DREDGE,NONE,O10T15M,2014,2
BOB,FRA,8B-BOB,DEM_SEINE,SBCIIIART5,O15M,2014,7
BOB,FRA,8B-BOB,DEM_SEINE,NONE,O15M,2014,2
BOB,BEL,8B-BOB,BEAM,SBCIIIART5,O15M,2014,15
BOB,FRA,8A-BOB,TRAMMEL,SBCIIIART5,U10M,2014,4
BOB,FRA,8A-BOB,TRAMMEL,SBCIIIART5,O15M,2014,30
BOB,FRA,8A-BOB,TRAMMEL,SBCIIIART5,O10T15M,2014,45
BOB,FRA,8A-BOB,TRAMMEL,NONE,U10M,2014,70
BOB,FRA,8A-BOB,TRAMMEL,NONE,O15M,2014,3
BOB,FRA,8A-BOB,TRAMMEL,NONE,O10T15M,2014,13
BOB,FRA,8A-BOB,POTS,SBCIIIART5,U10M,2014,3
BOB,FRA,8A-BOB,POTS,SBCIIIART5,O15M,2014,2
BOB,FRA,8A-BOB,POTS,SBCIIIART5,O10T15M,2014,13
BOB,FRA,8A-BOB,POTS,NONE,U10M,2014,131
BOB,FRA,8A-BOB,POTS,NONE,O15M,2014,7
BOB,FRA,8A-BOB,POTS,NONE,O10T15M,2014,25
BOB,FRA,8A-BOB,PEL_TRAWL,SBCIIIART5,U10M,2014,1
BOB,FRA,8A-BOB,PEL_TRAWL,SBCIIIART5,O15M,2014,17
BOB,FRA,8A-BOB,PEL_TRAWL,SBCIIIART5,O10T15M,2014,11
BOB,FRA,8A-BOB,PEL_TRAWL,NONE,U10M,2014,1
BOB,NLD,8A-BOB,PEL_TRAWL,NONE,O15M,2014,4
BOB,IRL,8A-BOB,PEL_TRAWL,NONE,O15M,2014,1
BOB,FRA,8A-BOB,PEL_TRAWL,NONE,O15M,2014,29
BOB,DEU,8A-BOB,PEL_TRAWL,NONE,O15M,2014,3
BOB,FRA,8A-BOB,PEL_TRAWL,NONE,O10T15M,2014,8
BOB,FRA,8A-BOB,PEL_SEINE,SBCIIIART5,O15M,2014,1
BOB,FRA,8A-BOB,PEL_SEINE,NONE,O15M,2014,20
BOB,ESP,8A-BOB,PEL_SEINE,NONE,O15M,2014,1
BOB,FRA,8A-BOB,PEL_SEINE,NONE,O10T15M,2014,6
BOB,FRA,8A-BOB,OTTER,SBCIIIART5,U10M,2014,5
BOB,FRA,8A-BOB,OTTER,SBCIIIART5,O15M,2014,38
BOB,FRA,8A-BOB,OTTER,SBCIIIART5,O10T15M,2014,51
BOB,FRA,8A-BOB,OTTER,NONE,U10M,2014,28
BOB,FRA,8A-BOB,OTTER,NONE,O15M,2014,48
BOB,ESP,8A-BOB,OTTER,NONE,O15M,2014,10
BOB,ENG,8A-BOB,OTTER,NONE,O15M,2014,1
BOB,FRA,8A-BOB,OTTER,NONE,O10T15M,2014,50
BOB,FRA,8A-BOB,NONE,SBCIIIART5,U10M,2014,7
BOB,FRA,8A-BOB,NONE,SBCIIIART5,O10T15M,2014,8
BOB,FRA,8A-BOB,NONE,NONE,U10M,2014,205
BOB,FRA,8A-BOB,NONE,NONE,O15M,2014,1
BOB,FRA,8A-BOB,NONE,NONE,O10T15M,2014,32
BOB,FRA,8A-BOB,LONGLINE,SBCIIIART5,U10M,2014,7
BOB,FRA,8A-BOB,LONGLINE,SBCIIIART5,O15M,2014,2
BOB,FRA,8A-BOB,LONGLINE,SBCIIIART5,O10T15M,2014,16
BOB,FRA,8A-BOB,LONGLINE,NONE,U10M,2014,185
BOB,SCO,8A-BOB,LONGLINE,NONE,O15M,2014,1
BOB,FRA,8A-BOB,LONGLINE,NONE,O15M,2014,7
BOB,ESP,8A-BOB,LONGLINE,NONE,O15M,2014,32
BOB,FRA,8A-BOB,LONGLINE,NONE,O10T15M,2014,31
BOB,FRA,8A-BOB,GILL,SBCIIIART5,U10M,2014,2
BOB,FRA,8A-BOB,GILL,SBCIIIART5,O15M,2014,11
BOB,FRA,8A-BOB,GILL,SBCIIIART5,O10T15M,2014,18
BOB,FRA,8A-BOB,GILL,NONE,U10M,2014,56
BOB,SCO,8A-BOB,GILL,NONE,O15M,2014,2
BOB,FRA,8A-BOB,GILL,NONE,O15M,2014,20
BOB,ESP,8A-BOB,GILL,NONE,O15M,2014,9
BOB,ENG,8A-BOB,GILL,NONE,O15M,2014,2
BOB,FRA,8A-BOB,GILL,NONE,O10T15M,2014,8
BOB,FRA,8A-BOB,DREDGE,SBCIIIART5,U10M,2014,1
BOB,FRA,8A-BOB,DREDGE,SBCIIIART5,O10T15M,2014,10
BOB,FRA,8A-BOB,DREDGE,NONE,U10M,2014,22
BOB,FRA,8A-BOB,DREDGE,NONE,O10T15M,2014,23
BOB,FRA,8A-BOB,DEM_SEINE,SBCIIIART5,O15M,2014,8
BOB,FRA,8A-BOB,DEM_SEINE,NONE,O15M,2014,2
BOB,BEL,8A-BOB,BEAM,SBCIIIART5,O15M,2014,15
BOB,FRA,8A-BOB,BEAM,NONE,U10M,2014,1
BOB,FRA,8B-BOB,TRAMMEL,SBCIIIART5,U10M,2013,6
BOB,FRA,8B-BOB,TRAMMEL,SBCIIIART5,O15M,2013,34
BOB,FRA,8B-BOB,TRAMMEL,SBCIIIART5,O10T15M,2013,40
BOB,FRA,8B-BOB,TRAMMEL,NONE,U10M,2013,24
BOB,FRA,8B-BOB,TRAMMEL,NONE,O15M,2013,2
BOB,ESP,8B-BOB,TRAMMEL,NONE,O15M,2013,1
BOB,FRA,8B-BOB,TRAMMEL,NONE,O10T15M,2013,9
BOB,ESP,8B-BOB,TRAMMEL,NONE,O10T15M,2013,1
BOB,FRA,8B-BOB,POTS,SBCIIIART5,U10M,2013,1
BOB,FRA,8B-BOB,POTS,SBCIIIART5,O15M,2013,1
BOB,FRA,8B-BOB,POTS,SBCIIIART5,O10T15M,2013,6
BOB,FRA,8B-BOB,POTS,NONE,U10M,2013,47
BOB,FRA,8B-BOB,POTS,NONE,O10T15M,2013,7
BOB,ESP,8B-BOB,POTS,NONE,O10T15M,2013,1
BOB,FRA,8B-BOB,PEL_TRAWL,SBCIIIART5,O15M,2013,4
BOB,FRA,8B-BOB,PEL_TRAWL,SBCIIIART5,O10T15M,2013,7
BOB,FRA,8B-BOB,PEL_TRAWL,NONE,U10M,2013,11
BOB,NLD,8B-BOB,PEL_TRAWL,NONE,O15M,2013,4
BOB,FRA,8B-BOB,PEL_TRAWL,NONE,O15M,2013,9
BOB,ESP,8B-BOB,PEL_TRAWL,NONE,O15M,2013,1
BOB,ENG,8B-BOB,PEL_TRAWL,NONE,O15M,2013,3
BOB,DEU,8B-BOB,PEL_TRAWL,NONE,O15M,2013,1
BOB,FRA,8B-BOB,PEL_TRAWL,NONE,O10T15M,2013,2
BOB,FRA,8B-BOB,PEL_SEINE,SBCIIIART5,U10M,2013,1
BOB,FRA,8B-BOB,PEL_SEINE,SBCIIIART5,O10T15M,2013,1
BOB,FRA,8B-BOB,PEL_SEINE,NONE,O15M,2013,1
BOB,ESP,8B-BOB,PEL_SEINE,NONE,O15M,2013,82
BOB,FRA,8B-BOB,PEL_SEINE,NONE,O10T15M,2013,2
BOB,FRA,8B-BOB,OTTER,SBCIIIART5,O15M,2013,29
BOB,FRA,8B-BOB,OTTER,SBCIIIART5,O10T15M,2013,32
BOB,FRA,8B-BOB,OTTER,NONE,U10M,2013,1
BOB,FRA,8B-BOB,OTTER,NONE,O15M,2013,13
BOB,ESP,8B-BOB,OTTER,NONE,O15M,2013,12
BOB,FRA,8B-BOB,OTTER,NONE,O10T15M,2013,16
BOB,FRA,8B-BOB,LONGLINE,SBCIIIART5,U10M,2013,4
BOB,FRA,8B-BOB,LONGLINE,SBCIIIART5,O15M,2013,4
BOB,FRA,8B-BOB,LONGLINE,SBCIIIART5,O10T15M,2013,15
BOB,FRA,8B-BOB,LONGLINE,NONE,U10M,2013,34
BOB,FRA,8B-BOB,LONGLINE,NONE,O15M,2013,3
BOB,ESP,8B-BOB,LONGLINE,NONE,O15M,2013,50
BOB,FRA,8B-BOB,LONGLINE,NONE,O10T15M,2013,18
BOB,ESP,8B-BOB,LONGLINE,NONE,O10T15M,2013,4
BOB,FRA,8B-BOB,GILL,SBCIIIART5,U10M,2013,3
BOB,FRA,8B-BOB,GILL,SBCIIIART5,O15M,2013,10
BOB,FRA,8B-BOB,GILL,SBCIIIART5,O10T15M,2013,17
BOB,FRA,8B-BOB,GILL,NONE,U10M,2013,26
BOB,FRA,8B-BOB,GILL,NONE,O15M,2013,12
BOB,ESP,8B-BOB,GILL,NONE,O15M,2013,7
BOB,FRA,8B-BOB,GILL,NONE,O10T15M,2013,6
BOB,ESP,8B-BOB,GILL,NONE,O10T15M,2013,1
BOB,FRA,8B-BOB,DREDGE,SBCIIIART5,U10M,2013,1
BOB,FRA,8B-BOB,DREDGE,SBCIIIART5,O10T15M,2013,9
BOB,FRA,8B-BOB,DREDGE,NONE,U10M,2013,4
BOB,ESP,8B-BOB,DREDGE,NONE,O15M,2013,1
BOB,FRA,8B-BOB,DREDGE,NONE,O10T15M,2013,18
BOB,FRA,8B-BOB,DEM_SEINE,SBCIIIART5,O15M,2013,6
BOB,FRA,8B-BOB,DEM_SEINE,NONE,O15M,2013,4
BOB,BEL,8B-BOB,BEAM,SBCIIIART5,O15M,2013,13
BOB,FRA,8A-BOB,TRAMMEL,SBCIIIART5,U10M,2013,3
BOB,FRA,8A-BOB,TRAMMEL,SBCIIIART5,O15M,2013,27
BOB,FRA,8A-BOB,TRAMMEL,SBCIIIART5,O10T15M,2013,42
BOB,FRA,8A-BOB,TRAMMEL,NONE,U10M,2013,33
BOB,FRA,8A-BOB,TRAMMEL,NONE,O15M,2013,3
BOB,FRA,8A-BOB,TRAMMEL,NONE,O10T15M,2013,11
BOB,FRA,8A-BOB,POTS,SBCIIIART5,U10M,2013,5
BOB,FRA,8A-BOB,POTS,SBCIIIART5,O15M,2013,2
BOB,FRA,8A-BOB,POTS,SBCIIIART5,O10T15M,2013,12
BOB,FRA,8A-BOB,POTS,NONE,U10M,2013,138
BOB,FRA,8A-BOB,POTS,NONE,O15M,2013,7
BOB,FRA,8A-BOB,POTS,NONE,O10T15M,2013,22
BOB,FRA,8A-BOB,PEL_TRAWL,SBCIIIART5,U10M,2013,1
BOB,FRA,8A-BOB,PEL_TRAWL,SBCIIIART5,O15M,2013,14
BOB,FRA,8A-BOB,PEL_TRAWL,SBCIIIART5,O10T15M,2013,7
BOB,FRA,8A-BOB,PEL_TRAWL,NONE,U10M,2013,89
BOB,NLD,8A-BOB,PEL_TRAWL,NONE,O15M,2013,4
BOB,IRL,8A-BOB,PEL_TRAWL,NONE,O15M,2013,2
BOB,FRA,8A-BOB,PEL_TRAWL,NONE,O15M,2013,24
BOB,ENG,8A-BOB,PEL_TRAWL,NONE,O15M,2013,2
BOB,DNK,8A-BOB,PEL_TRAWL,NONE,O15M,2013,3
BOB,DEU,8A-BOB,PEL_TRAWL,NONE,O15M,2013,3
BOB,FRA,8A-BOB,PEL_TRAWL,NONE,O10T15M,2013,6
BOB,FRA,8A-BOB,PEL_SEINE,SBCIIIART5,O15M,2013,1
BOB,FRA,8A-BOB,PEL_SEINE,NONE,U10M,2013,1
BOB,FRA,8A-BOB,PEL_SEINE,NONE,O15M,2013,11
BOB,ESP,8A-BOB,PEL_SEINE,NONE,O15M,2013,11
BOB,FRA,8A-BOB,PEL_SEINE,NONE,O10T15M,2013,4
BOB,FRA,8A-BOB,OTTER,SBCIIIART5,U10M,2013,2
BOB,FRA,8A-BOB,OTTER,SBCIIIART5,O15M,2013,39
BOB,FRA,8A-BOB,OTTER,SBCIIIART5,O10T15M,2013,52
BOB,FRA,8A-BOB,OTTER,NONE,U10M,2013,29
BOB,SCO,8A-BOB,OTTER,NONE,O15M,2013,1
BOB,FRA,8A-BOB,OTTER,NONE,O15M,2013,38
BOB,ESP,8A-BOB,OTTER,NONE,O15M,2013,10
BOB,FRA,8A-BOB,OTTER,NONE,O10T15M,2013,55
BOB,FRA,8A-BOB,LONGLINE,SBCIIIART5,U10M,2013,6
BOB,FRA,8A-BOB,LONGLINE,SBCIIIART5,O15M,2013,2
BOB,FRA,8A-BOB,LONGLINE,SBCIIIART5,O10T15M,2013,18
BOB,FRA,8A-BOB,LONGLINE,NONE,U10M,2013,154
BOB,SCO,8A-BOB,LONGLINE,NONE,O15M,2013,1
BOB,FRA,8A-BOB,LONGLINE,NONE,O15M,2013,7
BOB,ESP,8A-BOB,LONGLINE,NONE,O15M,2013,25
BOB,FRA,8A-BOB,LONGLINE,NONE,O10T15M,2013,30
BOB,ESP,8A-BOB,LONGLINE,NONE,O10T15M,2013,1
BOB,FRA,8A-BOB,GILL,SBCIIIART5,U10M,2013,2
BOB,FRA,8A-BOB,GILL,SBCIIIART5,O15M,2013,11
BOB,FRA,8A-BOB,GILL,SBCIIIART5,O10T15M,2013,15
BOB,FRA,8A-BOB,GILL,NONE,U10M,2013,57
BOB,SCO,8A-BOB,GILL,NONE,O15M,2013,1
BOB,FRA,8A-BOB,GILL,NONE,O15M,2013,16
BOB,ESP,8A-BOB,GILL,NONE,O15M,2013,9
BOB,ENG,8A-BOB,GILL,NONE,O15M,2013,1
BOB,FRA,8A-BOB,GILL,NONE,O10T15M,2013,11
BOB,FRA,8A-BOB,DREDGE,SBCIIIART5,U10M,2013,6
BOB,FRA,8A-BOB,DREDGE,SBCIIIART5,O15M,2013,1
BOB,FRA,8A-BOB,DREDGE,SBCIIIART5,O10T15M,2013,27
BOB,FRA,8A-BOB,DREDGE,NONE,U10M,2013,39
BOB,FRA,8A-BOB,DREDGE,NONE,O15M,2013,1
BOB,FRA,8A-BOB,DREDGE,NONE,O10T15M,2013,64
BOB,FRA,8A-BOB,DEM_SEINE,SBCIIIART5,O15M,2013,7
BOB,FRA,8A-BOB,DEM_SEINE,NONE,O15M,2013,4
BOB,BEL,8A-BOB,BEAM,SBCIIIART5,O15M,2013,13
BOB,FRA,8A-BOB,BEAM,NONE,U10M,2013,1
BOB,FRA,8A-BOB,BEAM,NONE,O10T15M,2013,1
BOB,FRA,8B-BOB,TRAMMEL,SBCIIIART5,U10M,2012,6
BOB,FRA,8B-BOB,TRAMMEL,SBCIIIART5,O15M,2012,39
BOB,FRA,8B-BOB,TRAMMEL,SBCIIIART5,O10T15M,2012,38
BOB,FRA,8B-BOB,TRAMMEL,NONE,U10M,2012,21
BOB,FRA,8B-BOB,TRAMMEL,NONE,O15M,2012,2
BOB,ESP,8B-BOB,TRAMMEL,NONE,O15M,2012,1
BOB,FRA,8B-BOB,TRAMMEL,NONE,O10T15M,2012,5
BOB,ESP,8B-BOB,TRAMMEL,NONE,O10T15M,2012,2
BOB,FRA,8B-BOB,POTS,SBCIIIART5,U10M,2012,2
BOB,FRA,8B-BOB,POTS,SBCIIIART5,O15M,2012,1
BOB,FRA,8B-BOB,POTS,SBCIIIART5,O10T15M,2012,5
BOB,FRA,8B-BOB,POTS,NONE,U10M,2012,46
BOB,ESP,8B-BOB,POTS,NONE,O15M,2012,1
BOB,FRA,8B-BOB,POTS,NONE,O10T15M,2012,5
BOB,ESP,8B-BOB,POTS,NONE,O10T15M,2012,2
BOB,FRA,8B-BOB,PEL_TRAWL,SBCIIIART5,O15M,2012,4
BOB,FRA,8B-BOB,PEL_TRAWL,SBCIIIART5,O10T15M,2012,7
BOB,FRA,8B-BOB,PEL_TRAWL,NONE,U10M,2012,12
BOB,FRA,8B-BOB,PEL_TRAWL,NONE,O15M,2012,14
BOB,ESP,8B-BOB,PEL_TRAWL,NONE,O15M,2012,1
BOB,FRA,8B-BOB,PEL_TRAWL,NONE,O10T15M,2012,2
BOB,FRA,8B-BOB,PEL_SEINE,SBCIIIART5,U10M,2012,1
BOB,FRA,8B-BOB,PEL_SEINE,NONE,O15M,2012,4
BOB,ESP,8B-BOB,PEL_SEINE,NONE,O15M,2012,83
BOB,FRA,8B-BOB,PEL_SEINE,NONE,O10T15M,2012,2
BOB,FRA,8B-BOB,OTTER,SBCIIIART5,O15M,2012,29
BOB,BEL,8B-BOB,OTTER,SBCIIIART5,O15M,2012,1
BOB,FRA,8B-BOB,OTTER,SBCIIIART5,O10T15M,2012,33
BOB,FRA,8B-BOB,OTTER,NONE,U10M,2012,2
BOB,FRA,8B-BOB,OTTER,NONE,O15M,2012,13
BOB,ESP,8B-BOB,OTTER,NONE,O15M,2012,15
BOB,ENG,8B-BOB,OTTER,NONE,O15M,2012,1
BOB,FRA,8B-BOB,OTTER,NONE,O10T15M,2012,20
BOB,ESP,8B-BOB,NONE,NONE,O15M,2012,27
BOB,ESP,8B-BOB,NONE,NONE,O10T15M,2012,3
BOB,FRA,8B-BOB,LONGLINE,SBCIIIART5,U10M,2012,2
BOB,FRA,8B-BOB,LONGLINE,SBCIIIART5,O15M,2012,3
BOB,FRA,8B-BOB,LONGLINE,SBCIIIART5,O10T15M,2012,14
BOB,FRA,8B-BOB,LONGLINE,NONE,U10M,2012,30
BOB,FRA,8B-BOB,LONGLINE,NONE,O15M,2012,6
BOB,ESP,8B-BOB,LONGLINE,NONE,O15M,2012,98
BOB,FRA,8B-BOB,LONGLINE,NONE,O10T15M,2012,15
BOB,ESP,8B-BOB,LONGLINE,NONE,O10T15M,2012,8
BOB,FRA,8B-BOB,GILL,SBCIIIART5,U10M,2012,4
BOB,FRA,8B-BOB,GILL,SBCIIIART5,O15M,2012,6
BOB,FRA,8B-BOB,GILL,SBCIIIART5,O10T15M,2012,17
BOB,FRA,8B-BOB,GILL,NONE,U10M,2012,20
BOB,FRA,8B-BOB,GILL,NONE,O15M,2012,13
BOB,ESP,8B-BOB,GILL,NONE,O15M,2012,8
BOB,FRA,8B-BOB,GILL,NONE,O10T15M,2012,3
BOB,ESP,8B-BOB,GILL,NONE,O10T15M,2012,1
BOB,FRA,8B-BOB,DREDGE,SBCIIIART5,U10M,2012,1
BOB,FRA,8B-BOB,DREDGE,SBCIIIART5,O10T15M,2012,10
BOB,FRA,8B-BOB,DREDGE,NONE,U10M,2012,7
BOB,ESP,8B-BOB,DREDGE,NONE,O15M,2012,1
BOB,FRA,8B-BOB,DREDGE,NONE,O10T15M,2012,20
BOB,FRA,8B-BOB,DEM_SEINE,SBCIIIART5,O15M,2012,4
BOB,NLD,8B-BOB,DEM_SEINE,NONE,O15M,2012,1
BOB,FRA,8B-BOB,DEM_SEINE,NONE,O15M,2012,2
BOB,ESP,8B-BOB,DEM_SEINE,NONE,O15M,2012,1
BOB,FRA,8B-BOB,DEM_SEINE,NONE,O10T15M,2012,1
BOB,BEL,8B-BOB,BEAM,SBCIIIART5,O15M,2012,13
BOB,FRA,8B-BOB,BEAM,NONE,O10T15M,2012,1
BOB,FRA,8A-BOB,TRAMMEL,SBCIIIART5,U10M,2012,3
BOB,FRA,8A-BOB,TRAMMEL,SBCIIIART5,O15M,2012,28
BOB,FRA,8A-BOB,TRAMMEL,SBCIIIART5,O10T15M,2012,42
BOB,FRA,8A-BOB,TRAMMEL,NONE,U10M,2012,31
BOB,FRA,8A-BOB,TRAMMEL,NONE,O15M,2012,2
BOB,FRA,8A-BOB,TRAMMEL,NONE,O10T15M,2012,13
BOB,FRA,8A-BOB,POTS,SBCIIIART5,U10M,2012,2
BOB,FRA,8A-BOB,POTS,SBCIIIART5,O15M,2012,1
BOB,FRA,8A-BOB,POTS,SBCIIIART5,O10T15M,2012,12
BOB,FRA,8A-BOB,POTS,NONE,U10M,2012,129
BOB,FRA,8A-BOB,POTS,NONE,O15M,2012,7
BOB,FRA,8A-BOB,POTS,NONE,O10T15M,2012,20
BOB,FRA,8A-BOB,PEL_TRAWL,SBCIIIART5,U10M,2012,2
BOB,FRA,8A-BOB,PEL_TRAWL,SBCIIIART5,O15M,2012,9
BOB,FRA,8A-BOB,PEL_TRAWL,SBCIIIART5,O10T15M,2012,6
BOB,FRA,8A-BOB,PEL_TRAWL,NONE,U10M,2012,85
BOB,IRL,8A-BOB,PEL_TRAWL,NONE,O15M,2012,2
BOB,FRA,8A-BOB,PEL_TRAWL,NONE,O15M,2012,31
BOB,ESP,8A-BOB,PEL_TRAWL,NONE,O15M,2012,1
BOB,DNK,8A-BOB,PEL_TRAWL,NONE,O15M,2012,1
BOB,FRA,8A-BOB,PEL_TRAWL,NONE,O10T15M,2012,7
BOB,FRA,8A-BOB,PEL_SEINE,SBCIIIART5,O15M,2012,1
BOB,FRA,8A-BOB,PEL_SEINE,NONE,U10M,2012,1
BOB,FRA,8A-BOB,PEL_SEINE,NONE,O15M,2012,16
BOB,ESP,8A-BOB,PEL_SEINE,NONE,O15M,2012,2
BOB,FRA,8A-BOB,PEL_SEINE,NONE,O10T15M,2012,5
BOB,FRA,8A-BOB,OTTER,SBCIIIART5,U10M,2012,3
BOB,FRA,8A-BOB,OTTER,SBCIIIART5,O15M,2012,40
BOB,BEL,8A-BOB,OTTER,SBCIIIART5,O15M,2012,1
BOB,FRA,8A-BOB,OTTER,SBCIIIART5,O10T15M,2012,55
BOB,FRA,8A-BOB,OTTER,NONE,U10M,2012,37
BOB,SCO,8A-BOB,OTTER,NONE,O15M,2012,1
BOB,FRA,8A-BOB,OTTER,NONE,O15M,2012,42
BOB,ESP,8A-BOB,OTTER,NONE,O15M,2012,10
BOB,FRA,8A-BOB,OTTER,NONE,O10T15M,2012,52
BOB,ESP,8A-BOB,NONE,NONE,O15M,2012,11
BOB,FRA,8A-BOB,LONGLINE,SBCIIIART5,U10M,2012,5
BOB,FRA,8A-BOB,LONGLINE,SBCIIIART5,O15M,2012,3
BOB,FRA,8A-BOB,LONGLINE,SBCIIIART5,O10T15M,2012,13
BOB,FRA,8A-BOB,LONGLINE,NONE,U10M,2012,161
BOB,SCO,8A-BOB,LONGLINE,NONE,O15M,2012,1
BOB,FRA,8A-BOB,LONGLINE,NONE,O15M,2012,9
BOB,ESP,8A-BOB,LONGLINE,NONE,O15M,2012,104
BOB,FRA,8A-BOB,LONGLINE,NONE,O10T15M,2012,25
BOB,ESP,8A-BOB,LONGLINE,NONE,O10T15M,2012,7
BOB,FRA,8A-BOB,GILL,SBCIIIART5,U10M,2012,2
BOB,FRA,8A-BOB,GILL,SBCIIIART5,O15M,2012,9
BOB,FRA,8A-BOB,GILL,SBCIIIART5,O10T15M,2012,14
BOB,FRA,8A-BOB,GILL,NONE,U10M,2012,48
BOB,SCO,8A-BOB,GILL,NONE,O15M,2012,1
BOB,FRA,8A-BOB,GILL,NONE,O15M,2012,15
BOB,ESP,8A-BOB,GILL,NONE,O15M,2012,8
BOB,ENG,8A-BOB,GILL,NONE,O15M,2012,2
BOB,FRA,8A-BOB,GILL,NONE,O10T15M,2012,8
BOB,ENG,8A-BOB,GILL,NONE,O10T15M,2012,1
BOB,FRA,8A-BOB,DREDGE,SBCIIIART5,U10M,2012,2
BOB,FRA,8A-BOB,DREDGE,SBCIIIART5,O10T15M,2012,27
BOB,FRA,8A-BOB,DREDGE,NONE,U10M,2012,40
BOB,FRA,8A-BOB,DREDGE,NONE,O15M,2012,3
BOB,FRA,8A-BOB,DREDGE,NONE,O10T15M,2012,53
BOB,FRA,8A-BOB,DEM_SEINE,SBCIIIART5,O15M,2012,5
BOB,FRA,8A-BOB,DEM_SEINE,NONE,O15M,2012,2
BOB,BEL,8A-BOB,BEAM,SBCIIIART5,O15M,2012,14
BOB,FRA,8A-BOB,BEAM,NONE,U10M,2012,1
BOB,FRA,8B-BOB,TRAMMEL,SBCIIIART5,U10M,2011,3
BOB,FRA,8B-BOB,TRAMMEL,SBCIIIART5,O15M,2011,37
BOB,FRA,8B-BOB,TRAMMEL,SBCIIIART5,O10T15M,2011,30
BOB,FRA,8B-BOB,TRAMMEL,NONE,U10M,2011,32
BOB,FRA,8B-BOB,TRAMMEL,NONE,O15M,2011,2
BOB,ESP,8B-BOB,TRAMMEL,NONE,O15M,2011,3
BOB,FRA,8B-BOB,TRAMMEL,NONE,O10T15M,2011,11
BOB,ESP,8B-BOB,TRAMMEL,NONE,O10T15M,2011,2
BOB,FRA,8B-BOB,POTS,SBCIIIART5,O15M,2011,1
BOB,FRA,8B-BOB,POTS,SBCIIIART5,O10T15M,2011,5
BOB,FRA,8B-BOB,POTS,NONE,U10M,2011,45
BOB,ESP,8B-BOB,POTS,NONE,O15M,2011,1
BOB,FRA,8B-BOB,POTS,NONE,O10T15M,2011,11
BOB,ESP,8B-BOB,POTS,NONE,O10T15M,2011,1
BOB,FRA,8B-BOB,PEL_TRAWL,SBCIIIART5,O15M,2011,2
BOB,FRA,8B-BOB,PEL_TRAWL,SBCIIIART5,O10T15M,2011,7
BOB,FRA,8B-BOB,PEL_TRAWL,NONE,U10M,2011,8
BOB,NLD,8B-BOB,PEL_TRAWL,NONE,O15M,2011,1
BOB,FRA,8B-BOB,PEL_TRAWL,NONE,O15M,2011,21
BOB,ENG,8B-BOB,PEL_TRAWL,NONE,O15M,2011,2
BOB,FRA,8B-BOB,PEL_TRAWL,NONE,O10T15M,2011,2
BOB,FRA,8B-BOB,PEL_SEINE,NONE,U10M,2011,1
BOB,FRA,8B-BOB,PEL_SEINE,NONE,O15M,2011,3
BOB,ESP,8B-BOB,PEL_SEINE,NONE,O15M,2011,81
BOB,FRA,8B-BOB,PEL_SEINE,NONE,O10T15M,2011,3
BOB,FRA,8B-BOB,OTTER,SBCIIIART5,O15M,2011,20
BOB,FRA,8B-BOB,OTTER,SBCIIIART5,O10T15M,2011,28
BOB,FRA,8B-BOB,OTTER,NONE,U10M,2011,1
BOB,FRA,8B-BOB,OTTER,NONE,O15M,2011,16
BOB,ESP,8B-BOB,OTTER,NONE,O15M,2011,17
BOB,ENG,8B-BOB,OTTER,NONE,O15M,2011,1
BOB,FRA,8B-BOB,OTTER,NONE,O10T15M,2011,23
BOB,FRA,8B-BOB,NONE,SBCIIIART5,U10M,2011,1
BOB,FRA,8B-BOB,NONE,SBCIIIART5,O15M,2011,1
BOB,FRA,8B-BOB,NONE,SBCIIIART5,O10T15M,2011,3
BOB,FRA,8B-BOB,NONE,NONE,U10M,2011,65
BOB,FRA,8B-BOB,NONE,NONE,O15M,2011,1
BOB,ESP,8B-BOB,NONE,NONE,O15M,2011,3
BOB,FRA,8B-BOB,NONE,NONE,O10T15M,2011,28
BOB,ESP,8B-BOB,NONE,NONE,O10T15M,2011,5
BOB,FRA,8B-BOB,LONGLINE,SBCIIIART5,O15M,2011,1
BOB,FRA,8B-BOB,LONGLINE,SBCIIIART5,O10T15M,2011,8
BOB,FRA,8B-BOB,LONGLINE,NONE,U10M,2011,31
BOB,FRA,8B-BOB,LONGLINE,NONE,O15M,2011,4
BOB,ESP,8B-BOB,LONGLINE,NONE,O15M,2011,30
BOB,FRA,8B-BOB,LONGLINE,NONE,O10T15M,2011,23
BOB,ESP,8B-BOB,LONGLINE,NONE,O10T15M,2011,9
BOB,FRA,8B-BOB,GILL,SBCIIIART5,U10M,2011,2
BOB,FRA,8B-BOB,GILL,SBCIIIART5,O15M,2011,5
BOB,FRA,8B-BOB,GILL,SBCIIIART5,O10T15M,2011,12
BOB,FRA,8B-BOB,GILL,NONE,U10M,2011,24
BOB,SCO,8B-BOB,GILL,NONE,O15M,2011,1
BOB,FRA,8B-BOB,GILL,NONE,O15M,2011,13
BOB,ESP,8B-BOB,GILL,NONE,O15M,2011,17
BOB,FRA,8B-BOB,GILL,NONE,O10T15M,2011,7
BOB,ESP,8B-BOB,GILL,NONE,O10T15M,2011,1
BOB,FRA,8B-BOB,DREDGE,SBCIIIART5,O10T15M,2011,8
BOB,FRA,8B-BOB,DREDGE,NONE,U10M,2011,7
BOB,FRA,8B-BOB,DREDGE,NONE,O15M,2011,1
BOB,FRA,8B-BOB,DREDGE,NONE,O10T15M,2011,22
BOB,FRA,8B-BOB,DEM_SEINE,NONE,O15M,2011,4
BOB,FRA,8B-BOB,DEM_SEINE,NONE,O10T15M,2011,1
BOB,BEL,8B-BOB,BEAM,SBCIIIART5,O15M,2011,15
BOB,FRA,8B-BOB,BEAM,NONE,O10T15M,2011,1
BOB,FRA,8A-BOB,TRAMMEL,SBCIIIART5,U10M,2011,4
BOB,FRA,8A-BOB,TRAMMEL,SBCIIIART5,O15M,2011,35
BOB,FRA,8A-BOB,TRAMMEL,SBCIIIART5,O10T15M,2011,35
BOB,FRA,8A-BOB,TRAMMEL,NONE,U10M,2011,29
BOB,FRA,8A-BOB,TRAMMEL,NONE,O15M,2011,3
BOB,ESP,8A-BOB,TRAMMEL,NONE,O15M,2011,1
BOB,FRA,8A-BOB,TRAMMEL,NONE,O10T15M,2011,18
BOB,FRA,8A-BOB,POTS,SBCIIIART5,U10M,2011,5
BOB,FRA,8A-BOB,POTS,SBCIIIART5,O10T15M,2011,9
BOB,FRA,8A-BOB,POTS,NONE,U10M,2011,135
BOB,FRA,8A-BOB,POTS,NONE,O15M,2011,7
BOB,FRA,8A-BOB,POTS,NONE,O10T15M,2011,32
BOB,FRA,8A-BOB,PEL_TRAWL,SBCIIIART5,U10M,2011,2
BOB,FRA,8A-BOB,PEL_TRAWL,SBCIIIART5,O15M,2011,3
BOB,FRA,8A-BOB,PEL_TRAWL,SBCIIIART5,O10T15M,2011,5
BOB,FRA,8A-BOB,PEL_TRAWL,NONE,U10M,2011,50
BOB,NLD,8A-BOB,PEL_TRAWL,NONE,O15M,2011,1
BOB,FRA,8A-BOB,PEL_TRAWL,NONE,O15M,2011,28
BOB,ENG,8A-BOB,PEL_TRAWL,NONE,O15M,2011,2
BOB,DNK,8A-BOB,PEL_TRAWL,NONE,O15M,2011,1
BOB,DEU,8A-BOB,PEL_TRAWL,NONE,O15M,2011,2
BOB,FRA,8A-BOB,PEL_TRAWL,NONE,O10T15M,2011,10
BOB,FRA,8A-BOB,PEL_SEINE,NONE,U10M,2011,2
BOB,FRA,8A-BOB,PEL_SEINE,NONE,O15M,2011,15
BOB,FRA,8A-BOB,PEL_SEINE,NONE,O10T15M,2011,6
BOB,FRA,8A-BOB,OTTER,SBCIIIART5,U10M,2011,10
BOB,FRA,8A-BOB,OTTER,SBCIIIART5,O15M,2011,32
BOB,FRA,8A-BOB,OTTER,SBCIIIART5,O10T15M,2011,45
BOB,FRA,8A-BOB,OTTER,NONE,U10M,2011,31
BOB,FRA,8A-BOB,OTTER,NONE,O15M,2011,47
BOB,ESP,8A-BOB,OTTER,NONE,O15M,2011,14
BOB,ENG,8A-BOB,OTTER,NONE,O15M,2011,2
BOB,FRA,8A-BOB,OTTER,NONE,O10T15M,2011,70
BOB,FRA,8A-BOB,NONE,SBCIIIART5,U10M,2011,7
BOB,FRA,8A-BOB,NONE,SBCIIIART5,O10T15M,2011,5
BOB,FRA,8A-BOB,NONE,NONE,U10M,2011,149
BOB,FRA,8A-BOB,NONE,NONE,O15M,2011,2
BOB,ESP,8A-BOB,NONE,NONE,O15M,2011,1
BOB,FRA,8A-BOB,NONE,NONE,O10T15M,2011,36
BOB,ESP,8A-BOB,NONE,NONE,O10T15M,2011,1
BOB,FRA,8A-BOB,LONGLINE,SBCIIIART5,U10M,2011,7
BOB,FRA,8A-BOB,LONGLINE,SBCIIIART5,O15M,2011,1
BOB,FRA,8A-BOB,LONGLINE,SBCIIIART5,O10T15M,2011,6
BOB,FRA,8A-BOB,LONGLINE,NONE,U10M,2011,168
BOB,SCO,8A-BOB,LONGLINE,NONE,O15M,2011,2
BOB,FRA,8A-BOB,LONGLINE,NONE,O15M,2011,7
BOB,ESP,8A-BOB,LONGLINE,NONE,O15M,2011,40
BOB,FRA,8A-BOB,LONGLINE,NONE,O10T15M,2011,31
BOB,FRA,8A-BOB,GILL,SBCIIIART5,U10M,2011,7
BOB,FRA,8A-BOB,GILL,SBCIIIART5,O15M,2011,7
BOB,FRA,8A-BOB,GILL,SBCIIIART5,O10T15M,2011,11
BOB,FRA,8A-BOB,GILL,NONE,U10M,2011,57
BOB,SCO,8A-BOB,GILL,NONE,O15M,2011,1
BOB,FRA,8A-BOB,GILL,NONE,O15M,2011,21
BOB,ESP,8A-BOB,GILL,NONE,O15M,2011,17
BOB,ENG,8A-BOB,GILL,NONE,O15M,2011,1
BOB,FRA,8A-BOB,GILL,NONE,O10T15M,2011,15
BOB,FRA,8A-BOB,DREDGE,SBCIIIART5,U10M,2011,1
BOB,FRA,8A-BOB,DREDGE,SBCIIIART5,O10T15M,2011,10
BOB,FRA,8A-BOB,DREDGE,NONE,U10M,2011,14
BOB,FRA,8A-BOB,DREDGE,NONE,O15M,2011,5
BOB,FRA,8A-BOB,DREDGE,NONE,O10T15M,2011,56
BOB,FRA,8A-BOB,DEM_SEINE,SBCIIIART5,O10T15M,2011,1
BOB,FRA,8A-BOB,DEM_SEINE,NONE,O15M,2011,4
BOB,FRA,8A-BOB,DEM_SEINE,NONE,O10T15M,2011,1
BOB,BEL,8A-BOB,BEAM,SBCIIIART5,O15M,2011,15
BOB,FRA,8A-BOB,BEAM,NONE,U10M,2011,1
BOB,FRA,8A-BOB,BEAM,NONE,O10T15M,2011,2
BOB,FRA,8B-BOB,TRAMMEL,SBCIIIART5,U10M,2010,4
BOB,FRA,8B-BOB,TRAMMEL,SBCIIIART5,O15M,2010,36
BOB,FRA,8B-BOB,TRAMMEL,SBCIIIART5,O10T15M,2010,25
BOB,FRA,8B-BOB,TRAMMEL,NONE,U10M,2010,15
BOB,FRA,8B-BOB,TRAMMEL,NONE,O15M,2010,2
BOB,ESP,8B-BOB,TRAMMEL,NONE,O15M,2010,2
BOB,FRA,8B-BOB,TRAMMEL,NONE,O10T15M,2010,10
BOB,ESP,8B-BOB,TRAMMEL,NONE,O10T15M,2010,3
BOB,FRA,8B-BOB,POTS,SBCIIIART5,O15M,2010,1
BOB,FRA,8B-BOB,POTS,SBCIIIART5,O10T15M,2010,3
BOB,FRA,8B-BOB,POTS,NONE,U10M,2010,37
BOB,ENG,8B-BOB,POTS,NONE,U10M,2010,1
BOB,ESP,8B-BOB,POTS,NONE,O15M,2010,1
BOB,FRA,8B-BOB,POTS,NONE,O10T15M,2010,11
BOB,ESP,8B-BOB,POTS,NONE,O10T15M,2010,1
BOB,FRA,8B-BOB,PEL_TRAWL,SBCIIIART5,O15M,2010,4
BOB,FRA,8B-BOB,PEL_TRAWL,SBCIIIART5,O10T15M,2010,3
BOB,FRA,8B-BOB,PEL_TRAWL,NONE,U10M,2010,14
BOB,FRA,8B-BOB,PEL_TRAWL,NONE,O15M,2010,19
BOB,FRA,8B-BOB,PEL_TRAWL,NONE,O10T15M,2010,3
BOB,FRA,8B-BOB,PEL_SEINE,NONE,U10M,2010,1
BOB,FRA,8B-BOB,PEL_SEINE,NONE,O15M,2010,3
BOB,ESP,8B-BOB,PEL_SEINE,NONE,O15M,2010,85
BOB,FRA,8B-BOB,PEL_SEINE,NONE,O10T15M,2010,3
BOB,ESP,8B-BOB,PEL_SEINE,NONE,O10T15M,2010,1
BOB,FRA,8B-BOB,OTTER,SBCIIIART5,O15M,2010,26
BOB,FRA,8B-BOB,OTTER,SBCIIIART5,O10T15M,2010,19
BOB,FRA,8B-BOB,OTTER,NONE,U10M,2010,3
BOB,FRA,8B-BOB,OTTER,NONE,O15M,2010,11
BOB,ESP,8B-BOB,OTTER,NONE,O15M,2010,16
BOB,FRA,8B-BOB,OTTER,NONE,O10T15M,2010,33
BOB,ESP,8B-BOB,NONE,NONE,O15M,2010,3
BOB,ESP,8B-BOB,NONE,NONE,O10T15M,2010,3
BOB,FRA,8B-BOB,LONGLINE,SBCIIIART5,O15M,2010,2
BOB,FRA,8B-BOB,LONGLINE,SBCIIIART5,O10T15M,2010,5
BOB,FRA,8B-BOB,LONGLINE,NONE,U10M,2010,27
BOB,FRA,8B-BOB,LONGLINE,NONE,O15M,2010,4
BOB,ESP,8B-BOB,LONGLINE,NONE,O15M,2010,13
BOB,FRA,8B-BOB,LONGLINE,NONE,O10T15M,2010,27
BOB,ESP,8B-BOB,LONGLINE,NONE,O10T15M,2010,5
BOB,FRA,8B-BOB,GILL,SBCIIIART5,U10M,2010,2
BOB,FRA,8B-BOB,GILL,SBCIIIART5,O15M,2010,6
BOB,FRA,8B-BOB,GILL,SBCIIIART5,O10T15M,2010,13
BOB,FRA,8B-BOB,GILL,NONE,U10M,2010,28
BOB,SCO,8B-BOB,GILL,NONE,O15M,2010,1
BOB,FRA,8B-BOB,GILL,NONE,O15M,2010,16
BOB,ESP,8B-BOB,GILL,NONE,O15M,2010,23
BOB,FRA,8B-BOB,GILL,NONE,O10T15M,2010,12
BOB,ESP,8B-BOB,GILL,NONE,O10T15M,2010,1
BOB,FRA,8B-BOB,DREDGE,SBCIIIART5,U10M,2010,1
BOB,FRA,8B-BOB,DREDGE,SBCIIIART5,O15M,2010,1
BOB,FRA,8B-BOB,DREDGE,SBCIIIART5,O10T15M,2010,4
BOB,FRA,8B-BOB,DREDGE,NONE,U10M,2010,3
BOB,FRA,8B-BOB,DREDGE,NONE,O15M,2010,1
BOB,FRA,8B-BOB,DREDGE,NONE,O10T15M,2010,16
BOB,NLD,8B-BOB,DEM_SEINE,NONE,O15M,2010,1
BOB,FRA,8B-BOB,DEM_SEINE,NONE,O15M,2010,3
BOB,FRA,8B-BOB,DEM_SEINE,NONE,O10T15M,2010,1
BOB,BEL,8B-BOB,BEAM,SBCIIIART5,O15M,2010,13
BOB,FRA,8A-BOB,TRAMMEL,SBCIIIART5,U10M,2010,2
BOB,FRA,8A-BOB,TRAMMEL,SBCIIIART5,O15M,2010,38
BOB,FRA,8A-BOB,TRAMMEL,SBCIIIART5,O10T15M,2010,34
BOB,FRA,8A-BOB,TRAMMEL,NONE,U10M,2010,32
BOB,FRA,8A-BOB,TRAMMEL,NONE,O15M,2010,5
BOB,ESP,8A-BOB,TRAMMEL,NONE,O15M,2010,1
BOB,FRA,8A-BOB,TRAMMEL,NONE,O10T15M,2010,18
BOB,FRA,8A-BOB,POTS,SBCIIIART5,U10M,2010,3
BOB,FRA,8A-BOB,POTS,SBCIIIART5,O10T15M,2010,4
BOB,FRA,8A-BOB,POTS,NONE,U10M,2010,130
BOB,FRA,8A-BOB,POTS,NONE,O15M,2010,8
BOB,FRA,8A-BOB,POTS,NONE,O10T15M,2010,32
BOB,ESP,8A-BOB,POTS,NONE,O10T15M,2010,1
BOB,FRA,8A-BOB,PEL_TRAWL,SBCIIIART5,U10M,2010,5
BOB,FRA,8A-BOB,PEL_TRAWL,SBCIIIART5,O15M,2010,8
BOB,FRA,8A-BOB,PEL_TRAWL,SBCIIIART5,O10T15M,2010,4
BOB,FRA,8A-BOB,PEL_TRAWL,NONE,U10M,2010,123
BOB,NLD,8A-BOB,PEL_TRAWL,NONE,O15M,2010,2
BOB,IRL,8A-BOB,PEL_TRAWL,NONE,O15M,2010,1
BOB,FRA,8A-BOB,PEL_TRAWL,NONE,O15M,2010,22
BOB,ENG,8A-BOB,PEL_TRAWL,NONE,O15M,2010,3
BOB,DNK,8A-BOB,PEL_TRAWL,NONE,O15M,2010,1
BOB,DEU,8A-BOB,PEL_TRAWL,NONE,O15M,2010,2
BOB,FRA,8A-BOB,PEL_TRAWL,NONE,O10T15M,2010,13
BOB,FRA,8A-BOB,PEL_SEINE,SBCIIIART5,O10T15M,2010,1
BOB,FRA,8A-BOB,PEL_SEINE,NONE,U10M,2010,1
BOB,FRA,8A-BOB,PEL_SEINE,NONE,O15M,2010,8
BOB,ESP,8A-BOB,PEL_SEINE,NONE,O15M,2010,5
BOB,FRA,8A-BOB,PEL_SEINE,NONE,O10T15M,2010,5
BOB,FRA,8A-BOB,OTTER,SBCIIIART5,U10M,2010,9
BOB,FRA,8A-BOB,OTTER,SBCIIIART5,O15M,2010,42
BOB,FRA,8A-BOB,OTTER,SBCIIIART5,O10T15M,2010,43
BOB,FRA,8A-BOB,OTTER,NONE,U10M,2010,28
BOB,FRA,8A-BOB,OTTER,NONE,O15M,2010,47
BOB,ESP,8A-BOB,OTTER,NONE,O15M,2010,15
BOB,ENG,8A-BOB,OTTER,NONE,O15M,2010,1
BOB,FRA,8A-BOB,OTTER,NONE,O10T15M,2010,81
BOB,ESP,8A-BOB,OTTER,NONE,O10T15M,2010,1
BOB,ESP,8A-BOB,NONE,NONE,O15M,2010,2
BOB,ESP,8A-BOB,NONE,NONE,O10T15M,2010,1
BOB,FRA,8A-BOB,LONGLINE,SBCIIIART5,U10M,2010,3
BOB,FRA,8A-BOB,LONGLINE,SBCIIIART5,O15M,2010,1
BOB,FRA,8A-BOB,LONGLINE,SBCIIIART5,O10T15M,2010,7
BOB,FRA,8A-BOB,LONGLINE,NONE,U10M,2010,171
BOB,SCO,8A-BOB,LONGLINE,NONE,O15M,2010,1
BOB,FRA,8A-BOB,LONGLINE,NONE,O15M,2010,5
BOB,ESP,8A-BOB,LONGLINE,NONE,O15M,2010,48
BOB,FRA,8A-BOB,LONGLINE,NONE,O10T15M,2010,36
BOB,FRA,8A-BOB,GILL,SBCIIIART5,U10M,2010,5
BOB,FRA,8A-BOB,GILL,SBCIIIART5,O15M,2010,9
BOB,FRA,8A-BOB,GILL,SBCIIIART5,O10T15M,2010,11
BOB,FRA,8A-BOB,GILL,NONE,U10M,2010,58
BOB,SCO,8A-BOB,GILL,NONE,O15M,2010,1
BOB,FRA,8A-BOB,GILL,NONE,O15M,2010,22
BOB,ESP,8A-BOB,GILL,NONE,O15M,2010,22
BOB,ENG,8A-BOB,GILL,NONE,O15M,2010,2
BOB,FRA,8A-BOB,GILL,NONE,O10T15M,2010,14
BOB,ESP,8A-BOB,GILL,NONE,O10T15M,2010,1
BOB,ENG,8A-BOB,GILL,NONE,O10T15M,2010,1
BOB,FRA,8A-BOB,DREDGE,SBCIIIART5,U10M,2010,2
BOB,FRA,8A-BOB,DREDGE,SBCIIIART5,O15M,2010,1
BOB,FRA,8A-BOB,DREDGE,SBCIIIART5,O10T15M,2010,8
BOB,FRA,8A-BOB,DREDGE,NONE,U10M,2010,23
BOB,FRA,8A-BOB,DREDGE,NONE,O15M,2010,3
BOB,FRA,8A-BOB,DREDGE,NONE,O10T15M,2010,58
BOB,FRA,8A-BOB,DEM_SEINE,NONE,O15M,2010,5
BOB,BEL,8A-BOB,BEAM,SBCIIIART5,O15M,2010,13
BOB,FRA,8A-BOB,BEAM,SBCIIIART5,O10T15M,2010,1
BOB,FRA,8A-BOB,BEAM,NONE,U10M,2010,1
BOB,FRA,8B-BOB,TRAMMEL,NONE,U10M,2009,14
BOB,FRA,8B-BOB,TRAMMEL,NONE,O15M,2009,54
BOB,FRA,8B-BOB,TRAMMEL,NONE,O10T15M,2009,50
BOB,FRA,8B-BOB,POTS,NONE,U10M,2009,4
BOB,FRA,8B-BOB,POTS,NONE,O10T15M,2009,2
BOB,FRA,8B-BOB,PEL_TRAWL,NONE,O15M,2009,41
BOB,ENG,8B-BOB,PEL_TRAWL,NONE,O15M,2009,2
BOB,FRA,8B-BOB,PEL_TRAWL,NONE,O10T15M,2009,3
BOB,FRA,8B-BOB,PEL_SEINE,NONE,O15M,2009,3
BOB,FRA,8B-BOB,PEL_SEINE,NONE,O10T15M,2009,4
BOB,FRA,8B-BOB,OTTER,NONE,U10M,2009,2
BOB,FRA,8B-BOB,OTTER,NONE,O15M,2009,97
BOB,FRA,8B-BOB,OTTER,NONE,O10T15M,2009,61
BOB,FRA,8B-BOB,NONE,NONE,U10M,2009,42
BOB,FRA,8B-BOB,NONE,NONE,O15M,2009,2
BOB,FRA,8B-BOB,NONE,NONE,O10T15M,2009,59
BOB,FRA,8B-BOB,LONGLINE,NONE,U10M,2009,18
BOB,FRA,8B-BOB,LONGLINE,NONE,O15M,2009,5
BOB,FRA,8B-BOB,LONGLINE,NONE,O10T15M,2009,10
BOB,FRA,8B-BOB,GILL,NONE,U10M,2009,21
BOB,FRA,8B-BOB,GILL,NONE,O15M,2009,26
BOB,FRA,8B-BOB,GILL,NONE,O10T15M,2009,30
BOB,FRA,8B-BOB,DREDGE,NONE,U10M,2009,1
BOB,FRA,8B-BOB,DREDGE,NONE,O10T15M,2009,31
BOB,NLD,8B-BOB,DEM_SEINE,NONE,O15M,2009,1
BOB,BEL,8B-BOB,BEAM,SBCIIIART5,O15M,2009,18
BOB,FRA,8A-BOB,TRAMMEL,NONE,U10M,2009,65
BOB,FRA,8A-BOB,TRAMMEL,NONE,O15M,2009,51
BOB,FRA,8A-BOB,TRAMMEL,NONE,O10T15M,2009,80
BOB,FRA,8A-BOB,POTS,NONE,U10M,2009,49
BOB,FRA,8A-BOB,POTS,NONE,O15M,2009,3
BOB,FRA,8A-BOB,POTS,NONE,O10T15M,2009,1
BOB,FRA,8A-BOB,PEL_TRAWL,NONE,U10M,2009,1
BOB,SCO,8A-BOB,PEL_TRAWL,NONE,O15M,2009,1
BOB,NLD,8A-BOB,PEL_TRAWL,NONE,O15M,2009,2
BOB,NIR,8A-BOB,PEL_TRAWL,NONE,O15M,2009,1
BOB,IRL,8A-BOB,PEL_TRAWL,NONE,O15M,2009,1
BOB,FRA,8A-BOB,PEL_TRAWL,NONE,O15M,2009,18
BOB,ENG,8A-BOB,PEL_TRAWL,NONE,O15M,2009,4
BOB,DNK,8A-BOB,PEL_TRAWL,NONE,O15M,2009,1
BOB,DEU,8A-BOB,PEL_TRAWL,NONE,O15M,2009,1
BOB,FRA,8A-BOB,PEL_TRAWL,NONE,O10T15M,2009,9
BOB,FRA,8A-BOB,PEL_SEINE,NONE,O15M,2009,10
BOB,FRA,8A-BOB,PEL_SEINE,NONE,O10T15M,2009,4
BOB,FRA,8A-BOB,OTTER,NONE,U10M,2009,27
BOB,NIR,8A-BOB,OTTER,NONE,O15M,2009,1
BOB,FRA,8A-BOB,OTTER,NONE,O15M,2009,94
BOB,ENG,8A-BOB,OTTER,NONE,O15M,2009,2
BOB,DNK,8A-BOB,OTTER,NONE,O15M,2009,2
BOB,FRA,8A-BOB,OTTER,NONE,O10T15M,2009,182
BOB,FRA,8A-BOB,NONE,NONE,U10M,2009,311
BOB,FRA,8A-BOB,NONE,NONE,O15M,2009,3
BOB,FRA,8A-BOB,NONE,NONE,O10T15M,2009,56
BOB,FRA,8A-BOB,LONGLINE,NONE,U10M,2009,90
BOB,FRA,8A-BOB,LONGLINE,NONE,O15M,2009,11
BOB,FRA,8A-BOB,LONGLINE,NONE,O10T15M,2009,22
BOB,FRA,8A-BOB,GILL,NONE,U10M,2009,35
BOB,SCO,8A-BOB,GILL,NONE,O15M,2009,1
BOB,FRA,8A-BOB,GILL,NONE,O15M,2009,49
BOB,ENG,8A-BOB,GILL,NONE,O15M,2009,2
BOB,FRA,8A-BOB,GILL,NONE,O10T15M,2009,25
BOB,ENG,8A-BOB,GILL,NONE,O10T15M,2009,1
BOB,FRA,8A-BOB,DREDGE,NONE,U10M,2009,15
BOB,FRA,8A-BOB,DREDGE,NONE,O10T15M,2009,92
BOB,NLD,8A-BOB,DEM_SEINE,NONE,O15M,2009,1
BOB,BEL,8A-BOB,BEAM,SBCIIIART5,O15M,2009,18
BOB,FRA,8B-BOB,TRAMMEL,NONE,U10M,2008,14
BOB,FRA,8B-BOB,TRAMMEL,NONE,O15M,2008,63
BOB,FRA,8B-BOB,TRAMMEL,NONE,O10T15M,2008,48
BOB,FRA,8B-BOB,POTS,NONE,U10M,2008,4
BOB,FRA,8B-BOB,POTS,NONE,O10T15M,2008,2
BOB,NLD,8B-BOB,PEL_TRAWL,NONE,O15M,2008,1
BOB,IRL,8B-BOB,PEL_TRAWL,NONE,O15M,2008,1
BOB,FRA,8B-BOB,PEL_TRAWL,NONE,O15M,2008,29
BOB,FRA,8B-BOB,PEL_TRAWL,NONE,O10T15M,2008,3
BOB,FRA,8B-BOB,PEL_SEINE,NONE,O15M,2008,3
BOB,FRA,8B-BOB,PEL_SEINE,NONE,O10T15M,2008,4
BOB,FRA,8B-BOB,OTTER,NONE,U10M,2008,2
BOB,FRA,8B-BOB,OTTER,NONE,O15M,2008,80
BOB,FRA,8B-BOB,OTTER,NONE,O10T15M,2008,55
BOB,FRA,8B-BOB,NONE,NONE,U10M,2008,42
BOB,FRA,8B-BOB,NONE,NONE,O15M,2008,2
BOB,FRA,8B-BOB,NONE,NONE,O10T15M,2008,59
BOB,FRA,8B-BOB,LONGLINE,NONE,U10M,2008,19
BOB,ENG,8B-BOB,LONGLINE,NONE,U10M,2008,1
BOB,SCO,8B-BOB,LONGLINE,NONE,O15M,2008,1
BOB,FRA,8B-BOB,LONGLINE,NONE,O15M,2008,5
BOB,ENG,8B-BOB,LONGLINE,NONE,O15M,2008,1
BOB,FRA,8B-BOB,LONGLINE,NONE,O10T15M,2008,19
BOB,FRA,8B-BOB,GILL,NONE,U10M,2008,21
BOB,SCO,8B-BOB,GILL,NONE,O15M,2008,1
BOB,FRA,8B-BOB,GILL,NONE,O15M,2008,30
BOB,FRA,8B-BOB,GILL,NONE,O10T15M,2008,25
BOB,FRA,8B-BOB,DREDGE,NONE,U10M,2008,1
BOB,ENG,8B-BOB,DREDGE,NONE,U10M,2008,1
BOB,FRA,8B-BOB,DREDGE,NONE,O10T15M,2008,31
BOB,BEL,8B-BOB,BEAM,SBCIIIART5,O15M,2008,14
BOB,FRA,8A-BOB,TRAMMEL,NONE,U10M,2008,68
BOB,FRA,8A-BOB,TRAMMEL,NONE,O15M,2008,55
BOB,FRA,8A-BOB,TRAMMEL,NONE,O10T15M,2008,61
BOB,ENG,8A-BOB,TRAMMEL,NONE,O10T15M,2008,1
BOB,FRA,8A-BOB,POTS,NONE,U10M,2008,49
BOB,FRA,8A-BOB,POTS,NONE,O15M,2008,3
BOB,DEU,8A-BOB,POTS,NONE,O15M,2008,1
BOB,FRA,8A-BOB,POTS,NONE,O10T15M,2008,1
BOB,FRA,8A-BOB,PEL_TRAWL,NONE,U10M,2008,1
BOB,NLD,8A-BOB,PEL_TRAWL,NONE,O15M,2008,3
BOB,FRA,8A-BOB,PEL_TRAWL,NONE,O15M,2008,16
BOB,ENG,8A-BOB,PEL_TRAWL,NONE,O15M,2008,3
BOB,DNK,8A-BOB,PEL_TRAWL,NONE,O15M,2008,1
BOB,DEU,8A-BOB,PEL_TRAWL,NONE,O15M,2008,2
BOB,FRA,8A-BOB,PEL_TRAWL,NONE,O10T15M,2008,5
BOB,FRA,8A-BOB,PEL_SEINE,NONE,O15M,2008,10
BOB,FRA,8A-BOB,PEL_SEINE,NONE,O10T15M,2008,4
BOB,FRA,8A-BOB,OTTER,NONE,U10M,2008,27
BOB,FRA,8A-BOB,OTTER,NONE,O15M,2008,151
BOB,FRA,8A-BOB,OTTER,NONE,O10T15M,2008,183
BOB,FRA,8A-BOB,NONE,NONE,U10M,2008,311
BOB,FRA,8A-BOB,NONE,NONE,O15M,2008,3
BOB,FRA,8A-BOB,NONE,NONE,O10T15M,2008,56
BOB,FRA,8A-BOB,LONGLINE,NONE,U10M,2008,91
BOB,SCO,8A-BOB,LONGLINE,NONE,O15M,2008,2
BOB,FRA,8A-BOB,LONGLINE,NONE,O15M,2008,16
BOB,ENG,8A-BOB,LONGLINE,NONE,O15M,2008,1
BOB,FRA,8A-BOB,LONGLINE,NONE,O10T15M,2008,33
BOB,FRA,8A-BOB,GILL,NONE,U10M,2008,35
BOB,SCO,8A-BOB,GILL,NONE,O15M,2008,1
BOB,FRA,8A-BOB,GILL,NONE,O15M,2008,60
BOB,ENG,8A-BOB,GILL,NONE,O15M,2008,2
BOB,FRA,8A-BOB,GILL,NONE,O10T15M,2008,15
BOB,ENG,8A-BOB,GILL,NONE,O10T15M,2008,1
BOB,FRA,8A-BOB,DREDGE,NONE,U10M,2008,15
BOB,FRA,8A-BOB,DREDGE,NONE,O10T15M,2008,102
BOB,BEL,8A-BOB,BEAM,SBCIIIART5,O15M,2008,14
BOB,ENG,8A-BOB,BEAM,NONE,O15M,2008,1
BOB,FRA,8B-BOB,TRAMMEL,NONE,U10M,2007,13
BOB,FRA,8B-BOB,TRAMMEL,NONE,O15M,2007,53
BOB,FRA,8B-BOB,TRAMMEL,NONE,O10T15M,2007,50
BOB,FRA,8B-BOB,POTS,NONE,U10M,2007,2
BOB,FRA,8B-BOB,POTS,NONE,O15M,2007,1
BOB,FRA,8B-BOB,POTS,NONE,O10T15M,2007,4
BOB,FRA,8B-BOB,PEL_TRAWL,NONE,U10M,2007,1
BOB,IRL,8B-BOB,PEL_TRAWL,NONE,O15M,2007,2
BOB,FRA,8B-BOB,PEL_TRAWL,NONE,O15M,2007,78
BOB,FRA,8B-BOB,PEL_TRAWL,NONE,O10T15M,2007,2
BOB,FRA,8B-BOB,PEL_SEINE,NONE,O15M,2007,5
BOB,FRA,8B-BOB,PEL_SEINE,NONE,O10T15M,2007,2
BOB,FRA,8B-BOB,OTTER,NONE,U10M,2007,3
BOB,FRA,8B-BOB,OTTER,NONE,O15M,2007,81
BOB,FRA,8B-BOB,OTTER,NONE,O10T15M,2007,57
BOB,FRA,8B-BOB,NONE,NONE,U10M,2007,40
BOB,FRA,8B-BOB,NONE,NONE,O15M,2007,1
BOB,FRA,8B-BOB,NONE,NONE,O10T15M,2007,46
BOB,FRA,8B-BOB,LONGLINE,NONE,U10M,2007,17
BOB,IRL,8B-BOB,LONGLINE,NONE,O15M,2007,1
BOB,FRA,8B-BOB,LONGLINE,NONE,O15M,2007,4
BOB,ENG,8B-BOB,LONGLINE,NONE,O15M,2007,1
BOB,FRA,8B-BOB,LONGLINE,NONE,O10T15M,2007,21
BOB,FRA,8B-BOB,GILL,NONE,U10M,2007,33
BOB,ENG,8B-BOB,GILL,NONE,U10M,2007,1
BOB,FRA,8B-BOB,GILL,NONE,O15M,2007,27
BOB,ENG,8B-BOB,GILL,NONE,O15M,2007,1
BOB,FRA,8B-BOB,GILL,NONE,O10T15M,2007,28
BOB,FRA,8B-BOB,DREDGE,NONE,U10M,2007,2
BOB,FRA,8B-BOB,DREDGE,NONE,O10T15M,2007,24
BOB,BEL,8B-BOB,BEAM,SBCIIIART5,O15M,2007,19
BOB,FRA,8B-BOB,BEAM,NONE,O10T15M,2007,1
BOB,FRA,8A-BOB,TRAMMEL,NONE,U10M,2007,78
BOB,FRA,8A-BOB,TRAMMEL,NONE,O15M,2007,45
BOB,FRA,8A-BOB,TRAMMEL,NONE,O10T15M,2007,64
BOB,FRA,8A-BOB,POTS,NONE,U10M,2007,66
BOB,FRA,8A-BOB,POTS,NONE,O15M,2007,8
BOB,DEU,8A-BOB,POTS,NONE,O15M,2007,2
BOB,FRA,8A-BOB,POTS,NONE,O10T15M,2007,3
BOB,NLD,8A-BOB,PEL_TRAWL,NONE,O15M,2007,2
BOB,IRL,8A-BOB,PEL_TRAWL,NONE,O15M,2007,1
BOB,FRA,8A-BOB,PEL_TRAWL,NONE,O15M,2007,64
BOB,ENG,8A-BOB,PEL_TRAWL,NONE,O15M,2007,2
BOB,DNK,8A-BOB,PEL_TRAWL,NONE,O15M,2007,9
BOB,FRA,8A-BOB,PEL_TRAWL,NONE,O10T15M,2007,12
BOB,FRA,8A-BOB,PEL_SEINE,NONE,U10M,2007,1
BOB,FRA,8A-BOB,PEL_SEINE,NONE,O15M,2007,13
BOB,FRA,8A-BOB,PEL_SEINE,NONE,O10T15M,2007,5
BOB,FRA,8A-BOB,OTTER,NONE,U10M,2007,50
BOB,FRA,8A-BOB,OTTER,NONE,O15M,2007,204
BOB,DNK,8A-BOB,OTTER,NONE,O15M,2007,1
BOB,FRA,8A-BOB,OTTER,NONE,O10T15M,2007,253
BOB,FRA,8A-BOB,NONE,NONE,U10M,2007,364
BOB,FRA,8A-BOB,NONE,NONE,O15M,2007,3
BOB,FRA,8A-BOB,NONE,NONE,O10T15M,2007,38
BOB,FRA,8A-BOB,LONGLINE,NONE,U10M,2007,153
BOB,SCO,8A-BOB,LONGLINE,NONE,O15M,2007,1
BOB,FRA,8A-BOB,LONGLINE,NONE,O15M,2007,12
BOB,ENG,8A-BOB,LONGLINE,NONE,O15M,2007,2
BOB,FRA,8A-BOB,LONGLINE,NONE,O10T15M,2007,38
BOB,FRA,8A-BOB,GILL,NONE,U10M,2007,48
BOB,SCO,8A-BOB,GILL,NONE,O15M,2007,1
BOB,FRA,8A-BOB,GILL,NONE,O15M,2007,54
BOB,ENG,8A-BOB,GILL,NONE,O15M,2007,3
BOB,FRA,8A-BOB,GILL,NONE,O10T15M,2007,18
BOB,FRA,8A-BOB,DREDGE,NONE,U10M,2007,25
BOB,FRA,8A-BOB,DREDGE,NONE,O15M,2007,1
BOB,FRA,8A-BOB,DREDGE,NONE,O10T15M,2007,83
BOB,BEL,8A-BOB,BEAM,SBCIIIART5,O15M,2007,20
BOB,FRA,8A-BOB,BEAM,NONE,U10M,2007,1
BOB,FRA,8B-BOB,TRAMMEL,NONE,U10M,2006,13
BOB,FRA,8B-BOB,TRAMMEL,NONE,O15M,2006,40
BOB,FRA,8B-BOB,TRAMMEL,NONE,O10T15M,2006,50
BOB,FRA,8B-BOB,POTS,NONE,U10M,2006,2
BOB,ENG,8B-BOB,POTS,NONE,U10M,2006,1
BOB,FRA,8B-BOB,POTS,NONE,O15M,2006,1
BOB,FRA,8B-BOB,POTS,NONE,O10T15M,2006,10
BOB,FRA,8B-BOB,PEL_TRAWL,NONE,U10M,2006,7
BOB,NLD,8B-BOB,PEL_TRAWL,NONE,O15M,2006,1
BOB,IRL,8B-BOB,PEL_TRAWL,NONE,O15M,2006,2
BOB,FRA,8B-BOB,PEL_TRAWL,NONE,O15M,2006,174
BOB,DEU,8B-BOB,PEL_TRAWL,NONE,O15M,2006,1
BOB,FRA,8B-BOB,PEL_TRAWL,NONE,O10T15M,2006,4
BOB,FRA,8B-BOB,PEL_SEINE,NONE,O15M,2006,10
BOB,FRA,8B-BOB,PEL_SEINE,NONE,O10T15M,2006,3
BOB,FRA,8B-BOB,OTTER,NONE,U10M,2006,3
BOB,IRL,8B-BOB,OTTER,NONE,O15M,2006,1
BOB,FRA,8B-BOB,OTTER,NONE,O15M,2006,86
BOB,ENG,8B-BOB,OTTER,NONE,O15M,2006,2
BOB,FRA,8B-BOB,OTTER,NONE,O10T15M,2006,69
BOB,FRA,8B-BOB,NONE,NONE,U10M,2006,64
BOB,FRA,8B-BOB,NONE,NONE,O10T15M,2006,81
BOB,FRA,8B-BOB,LONGLINE,NONE,U10M,2006,18
BOB,FRA,8B-BOB,LONGLINE,NONE,O15M,2006,3
BOB,ENG,8B-BOB,LONGLINE,NONE,O15M,2006,1
BOB,FRA,8B-BOB,LONGLINE,NONE,O10T15M,2006,32
BOB,FRA,8B-BOB,GILL,NONE,U10M,2006,28
BOB,ENG,8B-BOB,GILL,NONE,U10M,2006,2
BOB,FRA,8B-BOB,GILL,NONE,O15M,2006,28
BOB,ENG,8B-BOB,GILL,NONE,O15M,2006,1
BOB,FRA,8B-BOB,GILL,NONE,O10T15M,2006,32
BOB,FRA,8B-BOB,DREDGE,NONE,U10M,2006,2
BOB,FRA,8B-BOB,DREDGE,NONE,O10T15M,2006,19
BOB,BEL,8B-BOB,BEAM,SBCIIIART5,O15M,2006,16
BOB,FRA,8A-BOB,TRAMMEL,NONE,U10M,2006,56
BOB,FRA,8A-BOB,TRAMMEL,NONE,O15M,2006,35
BOB,FRA,8A-BOB,TRAMMEL,NONE,O10T15M,2006,52
BOB,FRA,8A-BOB,POTS,NONE,U10M,2006,58
BOB,FRA,8A-BOB,POTS,NONE,O15M,2006,12
BOB,DEU,8A-BOB,POTS,NONE,O15M,2006,2
BOB,FRA,8A-BOB,POTS,NONE,O10T15M,2006,4
BOB,FRA,8A-BOB,PEL_TRAWL,NONE,U10M,2006,4
BOB,NLD,8A-BOB,PEL_TRAWL,NONE,O15M,2006,8
BOB,IRL,8A-BOB,PEL_TRAWL,NONE,O15M,2006,2
BOB,FRA,8A-BOB,PEL_TRAWL,NONE,O15M,2006,69
BOB,ENG,8A-BOB,PEL_TRAWL,NONE,O15M,2006,2
BOB,DNK,8A-BOB,PEL_TRAWL,NONE,O15M,2006,1
BOB,DEU,8A-BOB,PEL_TRAWL,NONE,O15M,2006,4
BOB,FRA,8A-BOB,PEL_TRAWL,NONE,O10T15M,2006,8
BOB,FRA,8A-BOB,PEL_SEINE,NONE,U10M,2006,2
BOB,FRA,8A-BOB,PEL_SEINE,NONE,O15M,2006,14
BOB,FRA,8A-BOB,PEL_SEINE,NONE,O10T15M,2006,4
BOB,FRA,8A-BOB,OTTER,NONE,U10M,2006,36
BOB,IRL,8A-BOB,OTTER,NONE,O15M,2006,1
BOB,FRA,8A-BOB,OTTER,NONE,O15M,2006,202
BOB,ENG,8A-BOB,OTTER,NONE,O15M,2006,2
BOB,FRA,8A-BOB,OTTER,NONE,O10T15M,2006,268
BOB,FRA,8A-BOB,NONE,NONE,U10M,2006,320
BOB,FRA,8A-BOB,NONE,NONE,O10T15M,2006,41
BOB,FRA,8A-BOB,LONGLINE,NONE,U10M,2006,150
BOB,SCO,8A-BOB,LONGLINE,NONE,O15M,2006,1
BOB,IRL,8A-BOB,LONGLINE,NONE,O15M,2006,1
BOB,FRA,8A-BOB,LONGLINE,NONE,O15M,2006,12
BOB,ENG,8A-BOB,LONGLINE,NONE,O15M,2006,2
BOB,FRA,8A-BOB,LONGLINE,NONE,O10T15M,2006,43
BOB,FRA,8A-BOB,GILL,NONE,U10M,2006,49
BOB,SCO,8A-BOB,GILL,NONE,O15M,2006,1
BOB,FRA,8A-BOB,GILL,NONE,O15M,2006,69
BOB,ENG,8A-BOB,GILL,NONE,O15M,2006,2
BOB,FRA,8A-BOB,GILL,NONE,O10T15M,2006,23
BOB,ENG,8A-BOB,GILL,NONE,O10T15M,2006,1
BOB,FRA,8A-BOB,DREDGE,NONE,U10M,2006,38
BOB,FRA,8A-BOB,DREDGE,NONE,O10T15M,2006,80
BOB,BEL,8A-BOB,BEAM,SBCIIIART5,O15M,2006,18
BOB,FRA,8A-BOB,BEAM,NONE,O10T15M,2006,1
BOB,FRA,8B-BOB,TRAMMEL,NONE,U10M,2005,7
BOB,FRA,8B-BOB,TRAMMEL,NONE,O15M,2005,39
BOB,FRA,8B-BOB,TRAMMEL,NONE,O10T15M,2005,27
BOB,FRA,8B-BOB,POTS,NONE,U10M,2005,1
BOB,FRA,8B-BOB,POTS,NONE,O10T15M,2005,2
BOB,FRA,8B-BOB,PEL_TRAWL,NONE,U10M,2005,1
BOB,IRL,8B-BOB,PEL_TRAWL,NONE,O15M,2005,3
BOB,FRA,8B-BOB,PEL_TRAWL,NONE,O15M,2005,155
BOB,ENG,8B-BOB,PEL_TRAWL,NONE,O15M,2005,1
BOB,FRA,8B-BOB,PEL_TRAWL,NONE,O10T15M,2005,3
BOB,FRA,8B-BOB,PEL_SEINE,NONE,O15M,2005,5
BOB,FRA,8B-BOB,PEL_SEINE,NONE,O10T15M,2005,3
BOB,FRA,8B-BOB,OTTER,NONE,U10M,2005,3
BOB,FRA,8B-BOB,OTTER,NONE,O15M,2005,65
BOB,ENG,8B-BOB,OTTER,NONE,O15M,2005,2
BOB,FRA,8B-BOB,OTTER,NONE,O10T15M,2005,58
BOB,FRA,8B-BOB,NONE,NONE,U10M,2005,81
BOB,IRL,8B-BOB,NONE,NONE,O15M,2005,1
BOB,FRA,8B-BOB,NONE,NONE,O15M,2005,2
BOB,FRA,8B-BOB,NONE,NONE,O10T15M,2005,93
BOB,FRA,8B-BOB,LONGLINE,NONE,U10M,2005,15
BOB,FRA,8B-BOB,LONGLINE,NONE,O15M,2005,3
BOB,ENG,8B-BOB,LONGLINE,NONE,O15M,2005,1
BOB,FRA,8B-BOB,LONGLINE,NONE,O10T15M,2005,23
BOB,FRA,8B-BOB,GILL,NONE,U10M,2005,27
BOB,FRA,8B-BOB,GILL,NONE,O15M,2005,35
BOB,ENG,8B-BOB,GILL,NONE,O15M,2005,1
BOB,FRA,8B-BOB,GILL,NONE,O10T15M,2005,21
BOB,FRA,8B-BOB,DREDGE,NONE,U10M,2005,3
BOB,FRA,8B-BOB,DREDGE,NONE,O10T15M,2005,28
BOB,BEL,8B-BOB,BEAM,NONE,O15M,2005,23
BOB,FRA,8A-BOB,TRAMMEL,NONE,U10M,2005,29
BOB,FRA,8A-BOB,TRAMMEL,NONE,O15M,2005,38
BOB,FRA,8A-BOB,TRAMMEL,NONE,O10T15M,2005,29
BOB,FRA,8A-BOB,POTS,NONE,U10M,2005,26
BOB,FRA,8A-BOB,POTS,NONE,O15M,2005,7
BOB,FRA,8A-BOB,POTS,NONE,O10T15M,2005,5
BOB,FRA,8A-BOB,PEL_TRAWL,NONE,U10M,2005,1
BOB,NLD,8A-BOB,PEL_TRAWL,NONE,O15M,2005,6
BOB,IRL,8A-BOB,PEL_TRAWL,NONE,O15M,2005,2
BOB,FRA,8A-BOB,PEL_TRAWL,NONE,O15M,2005,100
BOB,ENG,8A-BOB,PEL_TRAWL,NONE,O15M,2005,3
BOB,DEU,8A-BOB,PEL_TRAWL,NONE,O15M,2005,4
BOB,FRA,8A-BOB,PEL_TRAWL,NONE,O10T15M,2005,4
BOB,FRA,8A-BOB,PEL_SEINE,NONE,O15M,2005,13
BOB,FRA,8A-BOB,PEL_SEINE,NONE,O10T15M,2005,5
BOB,FRA,8A-BOB,OTTER,NONE,U10M,2005,14
BOB,FRA,8A-BOB,OTTER,NONE,O15M,2005,169
BOB,FRA,8A-BOB,OTTER,NONE,O10T15M,2005,157
BOB,FRA,8A-BOB,NONE,NONE,U10M,2005,367
BOB,FRA,8A-BOB,NONE,NONE,O15M,2005,1
BOB,FRA,8A-BOB,NONE,NONE,O10T15M,2005,40
BOB,FRA,8A-BOB,LONGLINE,NONE,U10M,2005,62
BOB,IRL,8A-BOB,LONGLINE,NONE,O15M,2005,1
BOB,FRA,8A-BOB,LONGLINE,NONE,O15M,2005,11
BOB,ENG,8A-BOB,LONGLINE,NONE,O15M,2005,3
BOB,FRA,8A-BOB,LONGLINE,NONE,O10T15M,2005,18
BOB,FRA,8A-BOB,GILL,NONE,U10M,2005,29
BOB,SCO,8A-BOB,GILL,NONE,O15M,2005,1
BOB,FRA,8A-BOB,GILL,NONE,O15M,2005,49
BOB,ENG,8A-BOB,GILL,NONE,O15M,2005,1
BOB,FRA,8A-BOB,GILL,NONE,O10T15M,2005,18
BOB,FRA,8A-BOB,DREDGE,NONE,U10M,2005,32
BOB,FRA,8A-BOB,DREDGE,NONE,O10T15M,2005,136
BOB,BEL,8A-BOB,BEAM,NONE,O15M,2005,20
BOB,FRA,8A-BOB,BEAM,NONE,O10T15M,2005,1
BOB,FRA,8B-BOB,TRAMMEL,NONE,U10M,2004,10
BOB,FRA,8B-BOB,TRAMMEL,NONE,O15M,2004,39
BOB,FRA,8B-BOB,TRAMMEL,NONE,O10T15M,2004,15
BOB,FRA,8B-BOB,POTS,NONE,U10M,2004,2
BOB,FRA,8B-BOB,POTS,NONE,O15M,2004,1
BOB,FRA,8B-BOB,POTS,NONE,O10T15M,2004,4
BOB,IRL,8B-BOB,PEL_TRAWL,NONE,O15M,2004,2
BOB,FRA,8B-BOB,PEL_TRAWL,NONE,O15M,2004,93
BOB,ENG,8B-BOB,PEL_TRAWL,NONE,O15M,2004,2
BOB,FRA,8B-BOB,PEL_SEINE,NONE,O15M,2004,5
BOB,FRA,8B-BOB,PEL_SEINE,NONE,O10T15M,2004,5
BOB,FRA,8B-BOB,OTTER,NONE,U10M,2004,2
BOB,FRA,8B-BOB,OTTER,NONE,O15M,2004,44
BOB,ENG,8B-BOB,OTTER,NONE,O15M,2004,2
BOB,FRA,8B-BOB,OTTER,NONE,O10T15M,2004,30
BOB,FRA,8B-BOB,NONE,NONE,U10M,2004,59
BOB,FRA,8B-BOB,NONE,NONE,O10T15M,2004,76
BOB,FRA,8B-BOB,LONGLINE,NONE,U10M,2004,20
BOB,FRA,8B-BOB,LONGLINE,NONE,O15M,2004,4
BOB,ENG,8B-BOB,LONGLINE,NONE,O15M,2004,1
BOB,FRA,8B-BOB,LONGLINE,NONE,O10T15M,2004,7
BOB,FRA,8B-BOB,GILL,NONE,U10M,2004,34
BOB,SCO,8B-BOB,GILL,NONE,O15M,2004,1
BOB,FRA,8B-BOB,GILL,NONE,O15M,2004,19
BOB,FRA,8B-BOB,GILL,NONE,O10T15M,2004,12
BOB,FRA,8B-BOB,DREDGE,NONE,U10M,2004,1
BOB,FRA,8B-BOB,DREDGE,NONE,O10T15M,2004,8
BOB,BEL,8B-BOB,BEAM,NONE,O15M,2004,19
BOB,FRA,8A-BOB,TRAMMEL,NONE,U10M,2004,31
BOB,FRA,8A-BOB,TRAMMEL,NONE,O15M,2004,33
BOB,FRA,8A-BOB,TRAMMEL,NONE,O10T15M,2004,29
BOB,FRA,8A-BOB,POTS,NONE,U10M,2004,25
BOB,FRA,8A-BOB,POTS,NONE,O15M,2004,7
BOB,ENG,8A-BOB,POTS,NONE,O15M,2004,1
BOB,DEU,8A-BOB,POTS,NONE,O15M,2004,1
BOB,FRA,8A-BOB,POTS,NONE,O10T15M,2004,9
BOB,FRA,8A-BOB,PEL_TRAWL,NONE,U10M,2004,1
BOB,NLD,8A-BOB,PEL_TRAWL,NONE,O15M,2004,4
BOB,IRL,8A-BOB,PEL_TRAWL,NONE,O15M,2004,1
BOB,FRA,8A-BOB,PEL_TRAWL,NONE,O15M,2004,97
BOB,ENG,8A-BOB,PEL_TRAWL,NONE,O15M,2004,4
BOB,DEU,8A-BOB,PEL_TRAWL,NONE,O15M,2004,3
BOB,FRA,8A-BOB,PEL_TRAWL,NONE,O10T15M,2004,6
BOB,FRA,8A-BOB,PEL_SEINE,NONE,O15M,2004,17
BOB,FRA,8A-BOB,PEL_SEINE,NONE,O10T15M,2004,9
BOB,FRA,8A-BOB,OTTER,NONE,U10M,2004,19
BOB,IRL,8A-BOB,OTTER,NONE,O15M,2004,1
BOB,FRA,8A-BOB,OTTER,NONE,O15M,2004,158
BOB,ENG,8A-BOB,OTTER,NONE,O15M,2004,2
BOB,FRA,8A-BOB,OTTER,NONE,O10T15M,2004,118
BOB,FRA,8A-BOB,NONE,NONE,U10M,2004,345
BOB,FRA,8A-BOB,NONE,NONE,O10T15M,2004,41
BOB,FRA,8A-BOB,LONGLINE,NONE,U10M,2004,55
BOB,FRA,8A-BOB,LONGLINE,NONE,O15M,2004,14
BOB,ENG,8A-BOB,LONGLINE,NONE,O15M,2004,2
BOB,FRA,8A-BOB,LONGLINE,NONE,O10T15M,2004,14
BOB,FRA,8A-BOB,GILL,NONE,U10M,2004,30
BOB,SCO,8A-BOB,GILL,NONE,O15M,2004,2
BOB,FRA,8A-BOB,GILL,NONE,O15M,2004,49
BOB,ENG,8A-BOB,GILL,NONE,O15M,2004,1
BOB,FRA,8A-BOB,GILL,NONE,O10T15M,2004,14
BOB,FRA,8A-BOB,DREDGE,NONE,U10M,2004,27
BOB,FRA,8A-BOB,DREDGE,NONE,O15M,2004,1
BOB,FRA,8A-BOB,DREDGE,NONE,O10T15M,2004,116
BOB,FRA,8A-BOB,BEAM,NONE,O15M,2004,2
BOB,BEL,8A-BOB,BEAM,NONE,O15M,2004,19
BOB,FRA,8A-BOB,BEAM,NONE,O10T15M,2004,2
BOB,FRA,8B-BOB,TRAMMEL,NONE,U10M,2003,12
BOB,FRA,8B-BOB,TRAMMEL,NONE,O15M,2003,33
BOB,FRA,8B-BOB,TRAMMEL,NONE,O10T15M,2003,13
BOB,FRA,8B-BOB,POTS,NONE,U10M,2003,2
BOB,FRA,8B-BOB,POTS,NONE,O15M,2003,1
BOB,FRA,8B-BOB,POTS,NONE,O10T15M,2003,2
BOB,NLD,8B-BOB,PEL_TRAWL,NONE,O15M,2003,1
BOB,IRL,8B-BOB,PEL_TRAWL,NONE,O15M,2003,2
BOB,FRA,8B-BOB,PEL_TRAWL,NONE,O15M,2003,92
BOB,FRA,8B-BOB,PEL_TRAWL,NONE,O10T15M,2003,2
BOB,FRA,8B-BOB,PEL_SEINE,NONE,O15M,2003,4
BOB,FRA,8B-BOB,PEL_SEINE,NONE,O10T15M,2003,5
BOB,FRA,8B-BOB,OTTER,NONE,U10M,2003,1
BOB,FRA,8B-BOB,OTTER,NONE,O15M,2003,40
BOB,ENG,8B-BOB,OTTER,NONE,O15M,2003,2
BOB,FRA,8B-BOB,OTTER,NONE,O10T15M,2003,24
BOB,FRA,8B-BOB,NONE,NONE,U10M,2003,75
BOB,FRA,8B-BOB,NONE,NONE,O15M,2003,1
BOB,FRA,8B-BOB,NONE,NONE,O10T15M,2003,78
BOB,FRA,8B-BOB,LONGLINE,NONE,U10M,2003,16
BOB,FRA,8B-BOB,LONGLINE,NONE,O15M,2003,2
BOB,FRA,8B-BOB,LONGLINE,NONE,O10T15M,2003,10
BOB,FRA,8B-BOB,GILL,NONE,U10M,2003,32
BOB,FRA,8B-BOB,GILL,NONE,O15M,2003,22
BOB,FRA,8B-BOB,GILL,NONE,O10T15M,2003,10
BOB,FRA,8B-BOB,DREDGE,NONE,O10T15M,2003,1
BOB,BEL,8B-BOB,BEAM,NONE,O15M,2003,17
BOB,FRA,8A-BOB,TRAMMEL,NONE,U10M,2003,23
BOB,FRA,8A-BOB,TRAMMEL,NONE,O15M,2003,25
BOB,FRA,8A-BOB,TRAMMEL,NONE,O10T15M,2003,17
BOB,FRA,8A-BOB,POTS,NONE,U10M,2003,22
BOB,FRA,8A-BOB,POTS,NONE,O15M,2003,14
BOB,DEU,8A-BOB,POTS,NONE,O15M,2003,1
BOB,FRA,8A-BOB,POTS,NONE,O10T15M,2003,5
BOB,FRA,8A-BOB,PEL_TRAWL,NONE,U10M,2003,2
BOB,SCO,8A-BOB,PEL_TRAWL,NONE,O15M,2003,1
BOB,NLD,8A-BOB,PEL_TRAWL,NONE,O15M,2003,10
BOB,IRL,8A-BOB,PEL_TRAWL,NONE,O15M,2003,3
BOB,FRA,8A-BOB,PEL_TRAWL,NONE,O15M,2003,96
BOB,ENG,8A-BOB,PEL_TRAWL,NONE,O15M,2003,3
BOB,DEU,8A-BOB,PEL_TRAWL,NONE,O15M,2003,3
BOB,FRA,8A-BOB,PEL_TRAWL,NONE,O10T15M,2003,4
BOB,FRA,8A-BOB,PEL_SEINE,NONE,U10M,2003,1
BOB,FRA,8A-BOB,PEL_SEINE,NONE,O15M,2003,11
BOB,FRA,8A-BOB,PEL_SEINE,NONE,O10T15M,2003,6
BOB,FRA,8A-BOB,OTTER,NONE,U10M,2003,16
BOB,FRA,8A-BOB,OTTER,NONE,O15M,2003,136
BOB,ENG,8A-BOB,OTTER,NONE,O15M,2003,2
BOB,FRA,8A-BOB,OTTER,NONE,O10T15M,2003,94
BOB,FRA,8A-BOB,NONE,NONE,U10M,2003,383
BOB,FRA,8A-BOB,NONE,NONE,O15M,2003,1
BOB,FRA,8A-BOB,NONE,NONE,O10T15M,2003,51
BOB,FRA,8A-BOB,LONGLINE,NONE,U10M,2003,52
BOB,FRA,8A-BOB,LONGLINE,NONE,O15M,2003,10
BOB,ENG,8A-BOB,LONGLINE,NONE,O15M,2003,2
BOB,FRA,8A-BOB,LONGLINE,NONE,O10T15M,2003,8
BOB,FRA,8A-BOB,GILL,NONE,U10M,2003,24
BOB,SCO,8A-BOB,GILL,NONE,O15M,2003,1
BOB,FRA,8A-BOB,GILL,NONE,O15M,2003,40
BOB,FRA,8A-BOB,GILL,NONE,O10T15M,2003,8
BOB,FRA,8A-BOB,DREDGE,NONE,U10M,2003,52
BOB,IRL,8A-BOB,DREDGE,NONE,O15M,2003,4
BOB,FRA,8A-BOB,DREDGE,NONE,O15M,2003,1
BOB,FRA,8A-BOB,DREDGE,NONE,O10T15M,2003,192
BOB,BEL,8A-BOB,BEAM,NONE,O15M,2003,11
BOB,FRA,8A-BOB,BEAM,NONE,O10T15M,2003,1
